finding_id,uuid,net,layer,reference,start_x,start_y,end_x,end_y,historical_adjacent_gap_mm,historical_both_gap_mm
I20-GND-01,045a8466-bd32-4eaa-b1f0-600ad27ea23b,CAN_RX_MCU,F.Cu,In1.Cu,25.5,27.5,25.6,27.4,0.14142135623731153,0.0
I20-GND-02,2af2bbcd-0762-43fc-990f-932f16c948dc,CAN_RX_MCU,F.Cu,In1.Cu,25.6,25.8,24.9,25.1,0.5748749846775447,0.0
I20-GND-03,3cb08c20-61e0-4499-9533-e8c53f87870f,CAN_RX_MCU,F.Cu,In1.Cu,25.6,27.4,25.6,25.8,1.5999999999999979,0.0
I20-GND-04,532a64af-95c7-4e97-8200-a2b6caad1c40,CAN_RX_MCU,F.Cu,In1.Cu,38.6,38.6,38.5,38.6,0.10000000000000142,0.0
I20-GND-05,6b8bcaa8-cd83-445e-9672-248530cf9ab1,CAN_RX_MCU,F.Cu,In1.Cu,23.9,31,25.1,29.8,0.9913580503692976,0.0
I20-GND-06,9e2e97fc-9590-4daf-80c6-69c69e27069f,CAN_RX_MCU,F.Cu,In1.Cu,25.1,28,25.5,27.6,0.354257668947336,0.0
I20-GND-07,a7d99572-0ff2-4ca3-9f29-3ee86f5182bc,CAN_RX_MCU,F.Cu,In1.Cu,39.6,39.6,38.6,38.6,0.35425766894732597,0.0
I20-GND-08,df746851-8e9b-46eb-9007-0b9aef9e0fc6,CAN_RX_MCU,F.Cu,In1.Cu,25.5,27.6,25.5,27.5,0.10000000000000142,0.0
I20-GND-09,e290dfec-5c37-43ea-8644-3d01c3213a09,CAN_RX_MCU,F.Cu,In1.Cu,38.5,38.6,36.8,36.9,0.354257668947336,0.0
I20-GND-10,072c6d8e-2a6f-4e7a-9f1b-b812ffe223f4,CAN_TX_MCU,F.Cu,In1.Cu,80.55,15.95,80.45,16.05,0.1414213562373065,0.0
I20-GND-11,0eec71a5-dda0-408b-9559-9ccd0314bf57,CAN_TX_MCU,F.Cu,In1.Cu,80.75,15.8,80.6,15.95,0.21213203435596725,0.0
I20-GND-12,1e022bfe-d6e7-4f42-8d71-4fb4fd26698b,CAN_TX_MCU,F.Cu,In1.Cu,74.7,16.45,74.65,16.45,0.04999999999999716,0.0
I20-GND-13,3cd9494b-1d5d-47a2-aa04-327840a5c89e,CAN_TX_MCU,F.Cu,In1.Cu,81.684766,14.25,81.7,14.25,0.015234000000006631,0.0
I20-GND-14,4f41a1a1-3925-4a4f-a382-cd3b39df0961,CAN_TX_MCU,F.Cu,In1.Cu,74.75,16.4,74.7,16.45,0.07071067811865325,0.0
I20-GND-15,6e2aaa09-c44c-4e4f-ba78-c2933e8e23ce,CAN_TX_MCU,F.Cu,In1.Cu,81.7,14.25,81.2,14.75,0.7071067811865476,0.0
I20-GND-16,72210dcc-1fd3-439b-9607-58e3dfff71d0,CAN_TX_MCU,F.Cu,In1.Cu,80.85,15.5,80.8,15.55,0.07071067811865325,0.0
I20-GND-17,725c830d-d2ae-4878-bbdc-56775aa17cc3,CAN_TX_MCU,F.Cu,In1.Cu,74.8,16.4,74.75,16.4,0.04999999999999716,0.0
I20-GND-18,871a1d07-8555-46ec-8b60-8f49faecf1a8,CAN_TX_MCU,F.Cu,In1.Cu,81.15,15.15,80.85,15.45,0.4242640687119358,0.0
I20-GND-19,956c6792-0061-4c9c-8585-c63ebefd8fac,CAN_TX_MCU,F.Cu,In1.Cu,80.75,15.75,80.75,15.8,0.05000000000000071,0.0
I20-GND-20,95963305-6d4d-40ef-a89e-319eb932f057,CAN_TX_MCU,F.Cu,In1.Cu,81.2,14.75,81.2,15.05,0.3000000000000007,0.0
I20-GND-21,ac66323b-6daf-456b-be43-527f22f87912,CAN_TX_MCU,F.Cu,In1.Cu,80.25,16.1,75.1,16.1,5.150000000000006,0.0
I20-GND-22,af0da207-d5cb-4577-8a99-cb952df6384c,CAN_TX_MCU,F.Cu,In1.Cu,80.3,16.05,80.25,16.1,0.07071067811865325,0.0
I20-GND-23,be7d2d0c-cb53-4982-a131-9d9c1571c818,CAN_TX_MCU,F.Cu,In1.Cu,80.8,15.55,80.8,15.7,0.14999999999999858,0.0
I20-GND-24,c0e67caa-392c-4430-ad96-d9433202b6d0,CAN_TX_MCU,F.Cu,In1.Cu,80.8,15.7,80.75,15.75,0.07071067811865325,0.0
I20-GND-25,c40ec842-5bc6-4d58-a6d1-c5903c6221f3,CAN_TX_MCU,F.Cu,In1.Cu,80.45,16.05,80.3,16.05,0.15000000000000568,0.0
I20-GND-26,d792afe7-e69c-4a7d-a033-a2b995d506c1,CAN_TX_MCU,F.Cu,In1.Cu,75.1,16.1,74.8,16.4,0.42426406871192446,0.0
I20-GND-27,d940ea9d-cb9c-43f3-a104-0c43f56d70f9,CAN_TX_MCU,F.Cu,In1.Cu,81.15,15.1,81.15,15.15,0.05000000000000071,0.0
I20-GND-28,e40f0733-22d1-4330-8ecb-7f89cb97dde9,CAN_TX_MCU,F.Cu,In1.Cu,74.6,16.5,74,16.5,0.39133793507703274,0.0
I20-GND-29,e763499f-993d-4103-b304-2d553d232aa2,CAN_TX_MCU,F.Cu,In1.Cu,74.65,16.45,74.6,16.5,0.0707106781186633,0.0
I20-GND-30,eebb0223-b76c-4307-ac5f-534ba2222d94,CAN_TX_MCU,F.Cu,In1.Cu,80.85,15.45,80.85,15.5,0.05000000000000071,0.0
I20-GND-31,fcc8fd83-008f-4b65-baf6-c8835bc41ffa,CAN_TX_MCU,F.Cu,In1.Cu,80.6,15.95,80.55,15.95,0.04999999999999716,0.0
I20-GND-32,ff83a906-e673-4cf7-a47a-ba6b8551df15,CAN_TX_MCU,F.Cu,In1.Cu,81.2,15.05,81.15,15.1,0.07071067811865199,0.0
I20-GND-33,25582b89-db2e-43d7-981f-02020b9d8e1b,GPS_PPS_RAW,F.Cu,In1.Cu,66.1384,20.35,65.2204,19.432,1.2982480502585079,0.0
I20-GND-34,8185e7db-ee07-4fd7-a826-8414a6865e61,GPS_PPS_RAW,F.Cu,In1.Cu,66.85,20.35,66.1384,20.35,0.4658564299294312,0.0
I20-GND-35,c4ce6319-1191-41be-aa07-efa4e330b188,GPS_PPS_RAW,F.Cu,In1.Cu,65.2204,18.2666,64.6817,17.7279,0.708515337894662,0.0
I20-GND-36,cc218c46-0308-40e5-9d51-4d705694dc81,GPS_PPS_RAW,F.Cu,In1.Cu,65.2204,19.432,65.2204,18.2666,0.18249799999999894,0.0
I20-GND-37,96f6de5e-b182-4273-8f97-522f12d5181c,GPS_RX_MODULE,F.Cu,In1.Cu,48.608,19.6,46.208,17.2,2.1927353000323584,0.0
I20-GND-38,d987c617-804a-4679-9bd8-28283068ff10,GPS_RX_MODULE,F.Cu,In1.Cu,46.208,16.242,46.208,17.2,0.34625717157287283,0.0
I20-GND-39,dd8c3ed9-3961-4d01-a35c-466b756a5d82,GPS_RX_MODULE,F.Cu,In1.Cu,46.208,17.2,43.2,17.2,1.0622577043446384,0.0
I20-GND-40,41a7764a-5a47-4ef5-9c04-5601c37a983b,GPS_TX_BUFFER,F.Cu,In1.Cu,65.6221,19.2838,65.6221,17.4149,0.8399598611247576,0.0
I20-GND-41,4c2c9bcc-465f-48f7-8aba-edc2c78e60f9,GPS_TX_BUFFER,F.Cu,In1.Cu,66.85,19.85,66.1883,19.85,0.6616999999999962,0.0
I20-GND-42,7b76e172-33fa-481a-b7df-69239475d3cd,GPS_TX_BUFFER,F.Cu,In1.Cu,65.6221,17.4149,65.2557,17.0485,0.06317952046842774,0.0
I20-GND-43,b07d2578-1af3-428d-b99a-5edf88c15e23,GPS_TX_BUFFER,F.Cu,In1.Cu,66.1883,19.85,65.6221,19.2838,0.8007277190156442,0.0
I20-GND-44,2ebc15b0-b51a-41bf-946c-ff6f3a81e3fd,GPS_TX_MCU,F.Cu,In1.Cu,75.3348,15.2617,74.5311,16.0654,1.1366034400792617,0.0
I20-GND-45,b6cdb1a1-8e4b-4783-a3ca-8e1fe8b535a8,GPS_TX_MCU,F.Cu,In1.Cu,75.3348,14.25,75.3348,15.2617,0.11219799999999935,0.0
I20-GND-46,c95780ba-0e27-468a-9cda-7a43529cb9ca,GPS_TX_MCU,F.Cu,In1.Cu,74.5311,16.0654,71.8179,16.0654,2.258211671214937,0.0
I20-GND-47,5ab8b250-f249-46ef-9333-0ca5a0fd8853,GPS_TX_RAW,F.Cu,In1.Cu,43.9412,15.4412,45.126,15.4412,0.6835687909030312,0.0
I20-GND-48,7340a8b1-5549-475e-b83e-7c513d27e970,GPS_TX_RAW,F.Cu,In1.Cu,63.0883,20.4079,60.8967,22.5995,1.5284057547768863,0.0
I20-GND-49,8e383894-8184-4892-bc76-56f1221146ca,GPS_TX_RAW,F.Cu,In1.Cu,41.784,15.6812,42.7652,14.7,0.22589103942463612,0.0
I20-GND-50,9ca3e057-35fe-4351-b57b-00f28cbcf28c,GPS_TX_RAW,F.Cu,In1.Cu,63.75,19.35,63.0883,19.35,0.6617000000000033,0.0
I20-GND-51,aa15d57b-ad4e-4826-b670-9248d4b162aa,GPS_TX_RAW,F.Cu,In1.Cu,42.7652,14.7,43.2,14.7,0.43480000000000274,0.0
I20-GND-52,c11d9b75-9d8c-4439-9f9c-4508fe69e679,GPS_TX_RAW,F.Cu,In1.Cu,43.2,14.7,43.9412,15.4412,1.0482150924309381,0.0
I20-GND-53,df4a467a-353f-453a-b068-ee9e3853c059,GPS_TX_RAW,F.Cu,In1.Cu,63.0883,19.35,63.0883,20.4079,0.4004979999999989,0.0
I20-GND-54,f10d72db-9df2-4749-8643-8c2518e40473,GPS_TX_RAW,F.Cu,In1.Cu,60.8967,22.5995,51.1248,22.5995,1.2919172919864366,0.0
