Ref,Val,Package,PosX,PosY,Rot,Side
"C101","100n /100V X7R","C_0805_2012Metric",32.500000,6.788863,0.000000,bottom
"C102","10n /100V X7R","C_0603_1608Metric",37.300000,7.088863,0.000000,bottom
"C122","2.2u /100V X7R","C_1210_3225Metric",41.600000,16.088863,90.000000,bottom
"C129","2.2u /100V X7R","C_1210_3225Metric",43.200000,10.788863,90.000000,bottom
"C151","22u /25V X7R 10%","C_1210_3225Metric",43.200000,25.988863,-90.000000,bottom
"C152","220n /50V X7R 10%","C_0603_1608Metric",40.000000,27.313863,-90.000000,bottom
"C153","1u /16V X7R","C_0603_1608Metric",29.300000,29.288863,180.000000,bottom
"C154","220n /50V X7R 10%","C_0603_1608Metric_RVB22_C154",30.300000,26.088863,-90.000000,bottom
"C155","22u /25V X7R 10%","C_1210_3225Metric",26.000000,19.288863,0.000000,bottom
"C156","22u /25V X7R 10%","C_1210_3225Metric",31.100000,19.288863,0.000000,bottom
"C157","22u /25V X7R 10%","C_1210_3225Metric",36.200000,19.288863,0.000000,bottom
"C158","100n /50V X7R","C_0603_1608Metric",38.000000,23.288863,0.000000,bottom
"C159","33n /100V C0G 5% CT","I32_FINISHED_C159",44.300000,40.588863,0.000000,bottom
"C161","100n /50V X7R ISO INPUT","I32_FINISHED_C161",40.600000,36.788863,0.000000,bottom
"C166","68n /100V C0G 5% BULK CT","I32_FINISHED_C166",85.850000,44.288863,90.000000,bottom
"C167","1u /16V X7R BULK INPUT","I32_FINISHED_C167",78.500000,41.688863,0.000000,bottom
"C205","100n /50V X7R","C_0603_1608Metric_RVB22_C205",76.200000,27.388863,0.000000,bottom
"C301","100n /50V X7R","C_0603_1608Metric",23.900000,31.088863,0.000000,bottom
"C302","1u /16V X7R","C_0603_1608Metric",17.200000,27.588863,0.000000,bottom
"C501","22n /50V X7R","C_0603_1608Metric",22.000000,7.488863,0.000000,bottom
"C502","100n /50V X7R","C_0603_1608Metric",12.700000,13.688863,180.000000,bottom
"C503","100n /100V X7R","C_0805_2012Metric",22.700000,11.788863,0.000000,bottom
"C511","1u /16V X7R","C_0603_1608Metric",79.000000,5.788863,180.000000,bottom
"C512","1u /16V X7R","C_0603_1608Metric",79.000000,3.788863,180.000000,bottom
"C514","100p /50V C0G5%","C_0603_1608Metric",83.500000,12.058863,-90.000000,bottom
"C521","1u /16V X7R","C_0603_1608Metric",71.500000,5.788863,180.000000,bottom
"C522","1u /16V X7R","C_0603_1608Metric",71.500000,3.788863,180.000000,bottom
"C524","100p /50V C0G5%","C_0603_1608Metric",73.500000,10.438863,-90.000000,bottom
"C531","100n /50V X7R","C_0603_1608Metric",76.000000,14.888863,0.000000,bottom
"D102","SMAJ30A /TVS","D_SMA",35.000000,2.788863,0.000000,bottom
"D301","ESD2CAN24DBZRQ1","SOT-23",14.600000,31.788863,180.000000,bottom
"D402","TPD1E05U06DPYR","TI_DPY0002A_TPD1E05U06_SMDMask",63.600000,28.988863,-90.000000,bottom
"D501","ESD2CAN24DBZRQ1","SOT-23",14.200000,20.788863,0.000000,bottom
"J401","U.FL-R-SMT-1(80)","Hirose_UFL_R_SMT_1_80_RevB",65.300000,32.488863,0.000000,bottom
"L151","15u /XGL5030","L_Coilcraft_XAL5030-XXX",25.700000,24.788863,180.000000,bottom
"L406","1.6nH 5% RF MATCH","Murata_LQW18AS_1608",65.300000,28.288863,90.000000,bottom
"R101","12.1k /1W CTRL SURGE FEED","R_2512_6332Metric",26.000000,4.288863,0.000000,bottom
"R102","549k /0.1% OV COORD","R_1206_3216Metric",28.500000,16.188863,0.000000,bottom
"R103","24.3k /0.1% UV OV COORD","R_0603_1608Metric",27.800000,13.788863,0.000000,bottom
"R104","14.7k /0.1%","R_0603_1608Metric",27.800000,11.688863,0.000000,bottom
"R105","510k","R_1206_3216Metric",35.800000,14.588863,0.000000,bottom
"R106","10R /gate","R_0603_1608Metric",38.000000,12.288863,180.000000,bottom
"R107","5.1k /slew branch","R_0603_1608Metric",38.000000,9.788863,0.000000,bottom
"R108","100k","R_0603_1608Metric",40.000000,4.288863,0.000000,bottom
"R151","0R MAIN INPUT ISOLATION","I32_FINISHED_R151",38.600000,39.588863,0.000000,bottom
"R152","100k","R_0603_1608Metric",33.500000,23.288863,0.000000,bottom
"R153","10mR MAIN OUTPUT ISOLATION","WSLP0603_MANUFACTURER_R153",41.000000,20.288863,0.000000,bottom
"R154","1k /rail bleed","R_0603_1608Metric",44.000000,22.288863,0.000000,bottom
"R155","11.8k /0.02% 2ppm FB TOP","I32_FINISHED_R155",44.550000,30.488863,90.000000,bottom
"R156","5.05k /0.02% 2ppm FB BOTTOM","I32_FINISHED_R156",41.250000,30.488863,-90.000000,bottom
"R158","300m /1% BULK DAMPING","I32_FINISHED_R158",82.700000,45.288863,90.000000,bottom
"R168","1k /1% RESERVOIR BLEED","I32_FINISHED_R168",86.350000,39.288863,0.000000,bottom
"R169","3.01k /0.02% BULK EN TOP","I32_FINISHED_R169",80.000000,39.288863,0.000000,bottom
"R170","1k /0.02% BULK EN BOTTOM","I32_FINISHED_R170",83.300000,39.288863,0.000000,bottom
"R203","1k 1% RESET LIMIT","R_0603_1608Metric_RVB22_R203",72.800000,31.588863,0.000000,bottom
"R204","100k /1% RESET DELAY","I32_FINISHED_R204",75.600000,34.388863,90.000000,bottom
"R302","1k","R_0603_1608Metric",26.000000,29.088863,0.000000,bottom
"R303","10k 1%","R_0603_1608Metric",26.000000,35.488863,180.000000,bottom
"R407","100k","R_0603_1608Metric",46.200000,25.888863,90.000000,bottom
"R408","100k","R_0603_1608Metric",64.800000,23.288863,0.000000,bottom
"R409","100k","R_0603_1608Metric",44.000000,33.288863,0.000000,bottom
"R410","10k /UART idle","R_0603_1608Metric",63.600000,20.888863,-90.000000,bottom
"R411","100k /off-state","R_0603_1608Metric",60.900000,20.888863,90.000000,bottom
"R501","27.4k /0.1%","R_0603_1608Metric",12.800000,10.788863,0.000000,bottom
"R502","10k /0.1%","R_0603_1608Metric",17.000000,10.788863,0.000000,bottom
"R503","36.5k /0.1%","R_0603_1608Metric",12.800000,8.288863,0.000000,bottom
"R504","10k /0.1%","R_0603_1608Metric",17.000000,8.288863,0.000000,bottom
"R505","118k /0.1%","R_0805_2012Metric",22.000000,9.588863,0.000000,bottom
"R506","100k","R_0603_1608Metric",18.500000,3.288863,0.000000,bottom
"R511","1M /0.1%","R_0805_2012Metric",82.600000,2.688863,0.000000,bottom
"R512","4.02k /0.1%","R_0603_1608Metric",83.500000,4.788863,0.000000,bottom
"R513","124k /0.1%","R_0805_2012Metric",83.900000,9.288863,180.000000,bottom
"R514","1k /0.1%","R_0603_1608Metric",83.500000,6.488863,0.000000,bottom
"R515","220R /1%150ppm","R_0603_1608Metric",86.250000,13.388863,0.000000,bottom
"R521","1M /0.1%","R_0805_2012Metric",75.000000,1.988863,0.000000,bottom
"R522","4.02k /0.1%","R_0603_1608Metric",75.000000,4.788863,0.000000,bottom
"R523","124k /0.1%","R_0805_2012Metric",72.150000,7.888863,0.000000,bottom
"R524","1k /0.1%","R_0603_1608Metric",75.600000,7.088863,180.000000,bottom
"R525","220R /1%150ppm","R_0603_1608Metric",85.100000,15.488863,0.000000,bottom
"U101","LTC4367HMS8#WTRPBF","MSOP-8_3x3mm_P0.65mm",33.000000,10.788863,0.000000,bottom
"U151","LM63615DQPWPRQ1","HTSSOP-16-1EP_4.4x5mm_P0.65mm_EP3.4x5mm_Mask2.46x2.31mm_RVB22_U151",35.000000,28.288863,0.000000,bottom
"U152","TPS22953-Q1 REVERSE BLOCKING","I32_FINISHED_U152",43.600000,36.488863,0.000000,bottom
"U153","TPS22953-Q1 BULK CHARGER","I32_FINISHED_U153",79.100000,44.788863,0.000000,bottom
"U202","TPS3808G33-Q1 3.07V RESET","TPS3808_DBV0006A",77.800000,30.088863,180.000000,bottom
"U301","TCAN3403DRBRQ1","TI_DRB0008J_TCAN3403",20.400000,31.788863,180.000000,bottom
"U501","TPS26600PWPR","TI_PWP0016A_TPS2660",18.500000,15.788863,0.000000,bottom
"U502","OPA2333AIDR","SOIC-8_3.9x4.9mm_P1.27mm",78.500000,10.788863,180.000000,bottom
"C103","2.2u /100V X7R","C_1210_3225Metric",26.300000,20.288863,0.000000,top
"C121","2.2u /100V X7R","C_1210_3225Metric",39.000000,19.888863,90.000000,top
"C123","100n /100V X7R","C_0805_2012Metric",42.150000,16.488863,90.000000,top
"C124","2.2n /50V C0G 5%","C_0603_1608Metric",51.600000,16.188863,90.000000,top
"C125","3.3n /100V C0G 5%","C_0603_1608Metric",52.400000,8.988864,90.000000,top
"C126","100p /50V C0G","C_0603_1608Metric",49.400000,6.088863,180.000000,top
"C127","22u /25V X7R 10%","C_1210_3225Metric",58.000000,3.288863,0.000000,top
"C128","22u /25V X7R 10%","C_1210_3225Metric",63.000000,3.288863,0.000000,top
"C162","470u /10V POLYMER INPUT","I32_FINISHED_C162",49.000000,46.288863,0.000000,top
"C165","220n /50V X7R EN DELAY","I32_FINISHED_C165",27.000000,41.788863,0.000000,top
"C201","22u /25V X7R 10%","C_1210_3225Metric",78.500000,32.288863,0.000000,top
"C202","100n /50V X7R","C_0603_1608Metric",85.500000,30.488863,90.000000,top
"C204","22u /25V X7R 10%","C_1210_3225Metric",83.800000,35.488863,0.000000,top
"C206","680u /6.3V POLYMER","KEMET_T598_X_7343_Median_RVB22_C206",82.000000,45.288863,0.000000,top
"C401","22u /25V X7R 10%","C_1210_3225Metric",34.900000,34.288863,90.000000,top
"C402","22u /25V X7R 10%","C_1210_3225Metric",43.000000,34.288863,90.000000,top
"C403","100n /50V X7R","C_0603_1608Metric",43.800000,38.888863,90.000000,top
"C404","100n /50V X7R","C_0603_1608Metric",67.000000,24.988863,90.000000,top
"C405","100n /50V X7R","C_0603_1608Metric",55.800000,19.788863,0.000000,top
"C504","10u /50V X7R","KEMET_C1210_10u50V",22.000000,17.038863,90.000000,top
"C505","10u /50V X7R","KEMET_C1210_10u50V",21.250000,21.288863,0.000000,top
"C506","10u /50V X7R","KEMET_C1210_10u50V",16.250000,20.038863,180.000000,top
"C513","22n /50V X7R","C_0603_1608Metric",84.900000,6.988863,-90.000000,top
"C523","22n /50V X7R","C_0603_1608Metric",81.800000,6.988863,-90.000000,top
"C532","10n /50V C0G 5% OUT HF","C_0603_1608Metric",18.800000,15.788863,180.000000,top
"D101","S5J /600V REVERSE BLOCK","D_SMC",23.400000,8.788863,180.000000,top
"D103","SMCJ24A /TVS","D_SMC_RVB22_D103",37.500000,3.788863,180.000000,top
"D104","15V GATE CLAMP","D_SOD-123F",41.000000,9.488863,90.000000,top
"D105","SMCJ110A /RAW OV CLAMP","D_SMC",27.000000,-2.711137,180.000000,top
"D401","SEARCH (blink / no fix)","LED_0603_1608Metric",30.000000,31.788863,0.000000,top
"D502","SS16 /60V Schottky","D_SMA",18.500000,30.538863,180.000000,top
"D511","PMEG2010BEA,115","Nexperia_SOD323_PMEG2010BEA",86.900000,6.188863,90.000000,top
"D512","PMEG2010BEA,115","Nexperia_SOD323_PMEG2010BEA",84.000000,3.288863,-90.000000,top
"D521","PMEG2010BEA,115","Nexperia_SOD323_PMEG2010BEA",79.500000,6.188863,90.000000,top
"D522","PMEG2010BEA,115","Nexperia_SOD323_PMEG2010BEA",81.800000,3.288863,-90.000000,top
"D601","PWR","LED_0603_1608Metric",17.000000,38.288863,0.000000,top
"D602","BLE","LED_0603_1608Metric",20.000000,38.288863,0.000000,top
"D603","CAN","LED_0603_1608Metric",23.000000,38.288863,0.000000,top
"D604","GPS","LED_0603_1608Metric",26.000000,38.288863,0.000000,top
"D605","SYS","LED_0603_1608Metric",29.000000,38.288863,0.000000,top
"D606","OIL","LED_0603_1608Metric",32.000000,38.288863,0.000000,top
"F1","0430451200 / TIN NEW HARNESS","Molex_Micro-Fit_3.0_43045-1200_2x06_P3.00mm_Horizontal_RVB22_F1",8.300000,17.788863,90.000000,top
"J202","RESET — short to reset","Wurth_61300211121_1x02",6.000000,2.788863,90.000000,top
"J203","BOOT — hold low on reset","Wurth_61300211121_1x02",13.000000,2.788863,90.000000,top
"L121","47u /MSS1246T","Coilcraft_MSS1246T_12x12_RVB22_L121",60.000000,12.288863,90.000000,top
"Q101","STD25NF20 /200V","TO-252-2",33.299999,12.288863,180.000000,top
"Q152","DMG2302UKQ /DISCHARGE","I32_FINISHED_Q152",46.000000,-2.711137,0.000000,top
"Q153","DMG2302UKQ /DISCHARGE","I32_FINISHED_Q153",50.000000,-2.711137,0.000000,top
"R109","0R INPUT ISOLATION","R_1206_3216Metric",34.200000,18.288863,90.000000,top
"R110","0.47R /0.815W filter","R_2512_6332Metric",31.400000,24.888864,90.000000,top
"R111","100k /bleed","R_1206_3216Metric",26.000000,3.288863,0.000000,top
"R121","31.6k /RON","R_0603_1608Metric",44.000000,10.488863,90.000000,top
"R122","309k /0.1%","R_0805_2012Metric",49.400000,8.288863,180.000000,top
"R123","100k /0.1%","R_0603_1608Metric",49.400000,10.588863,0.000000,top
"R124","43.2k /RA","R_0603_1608Metric",52.000000,12.588863,-90.000000,top
"R125","100k","R_1206_3216Metric",44.300000,6.288863,90.000000,top
"R126","26.1k","R_0603_1608Metric",46.800000,4.488863,90.000000,top
"R127","100k","R_0603_1608Metric",46.800000,9.988863,90.000000,top
"R128","0R 5V ISOLATION","R_1206_3216Metric",68.000000,3.288863,0.000000,top
"R157","10k /1% VSEL ADJUST","R_0603_1608Metric_RVB22_R157",35.900000,27.588863,0.000000,top
"R159","47k /1% PG PULLUP","I32_FINISHED_R159",46.000000,42.788863,0.000000,top
"R160","6.34k /0.02% SNS TOP","I32_FINISHED_R160",27.000000,48.788863,0.000000,top
"R161","1k /0.02% SNS BOTTOM","I32_FINISHED_R161",30.500000,48.788863,0.000000,top
"R162","4.7k /0.02% ISO EN TOP","I32_FINISHED_R162",27.000000,45.288863,0.000000,top
"R163","1k /0.02% ISO EN BOTTOM","I32_FINISHED_R163",30.500000,45.288863,0.000000,top
"R164","4.7k /DISCHARGE GATE FEED","I32_FINISHED_R164",48.000000,-6.911137,0.000000,top
"R165","4.7R /1.5W PULSE DISCHARGE","I32_FINISHED_R165",39.500000,-2.711137,0.000000,top
"R166","330k /1% U151 EN DIVIDER","I32_FINISHED_R166",35.000000,48.788863,0.000000,top
"R167","330k /1% U151 EN DIVIDER","I32_FINISHED_R167",39.000000,48.788863,0.000000,top
"R201","10k 1%","R_0603_1608Metric",79.500000,29.588863,0.000000,top
"R202","10k 1%","R_0603_1608Metric",70.000000,6.688863,0.000000,top
"R401","0R GPS ISOLATION","R_0603_1608Metric",36.500000,31.088863,0.000000,top
"R402","220R","R_0603_1608Metric",73.500000,29.488863,0.000000,top
"R403","220R","R_0603_1608Metric",76.500000,29.488863,0.000000,top
"R404","220R","R_0603_1608Metric",55.500000,21.688863,180.000000,top
"R405","1k","R_0603_1608Metric",28.000000,29.088863,90.000000,top
"R507","4.7R /1% pulse HP","R_2512_6332Metric",17.500000,25.788863,180.000000,top
"R601","1k / GPIO15","R_0603_1608Metric",17.000000,35.288863,90.000000,top
"R602","1k / GPIO6","R_0603_1608Metric",20.000000,35.288863,90.000000,top
"R603","1k / GPIO7","R_0603_1608Metric",23.000000,35.288863,90.000000,top
"R604","1k / GPIO8","R_0603_1608Metric",26.000000,35.288863,90.000000,top
"R605","1k / GPIO10","R_0603_1608Metric",29.000000,35.288863,90.000000,top
"R606","1k / GPIO9","R_0603_1608Metric",32.000000,35.288863,90.000000,top
"U121","LM5164QDDARQ1","TI_DDA0008B_4214849B",47.000000,14.788863,0.000000,top
"U201","ESP32-S3-WROOM-1-N8R2","ESP32-S3-WROOM-1_RVB22_U201_TH48",81.504766,18.288863,-90.000000,top
"U402","SN74LVC2G125DCUR","VSSOP-8_2.3x2mm_P0.5mm",65.300000,21.688863,0.000000,top
"U403","MIC5504-3.3YM5-TR","SOT-23-5",39.000000,35.288863,0.000000,top
"U404","SN74LVC2G125DCUR","VSSOP-8_2.3x2mm_P0.5mm",60.000000,21.688863,180.000000,top
