Designator,Mid X,Mid Y,Layer,Rotation
C101,32.500000mm,6.788863mm,Bottom,0.000000
C102,37.300000mm,7.088863mm,Bottom,0.000000
C122,41.600000mm,16.088863mm,Bottom,90.000000
C129,43.200000mm,10.788863mm,Bottom,90.000000
C151,43.200000mm,25.988863mm,Bottom,-90.000000
C152,40.000000mm,27.313863mm,Bottom,-90.000000
C153,29.300000mm,29.288863mm,Bottom,180.000000
C154,30.300000mm,26.088863mm,Bottom,-90.000000
C155,26.000000mm,19.288863mm,Bottom,0.000000
C156,31.100000mm,19.288863mm,Bottom,0.000000
C157,36.200000mm,19.288863mm,Bottom,0.000000
C158,38.000000mm,23.288863mm,Bottom,0.000000
C159,44.300000mm,40.588863mm,Bottom,0.000000
C161,40.600000mm,36.788863mm,Bottom,0.000000
C166,85.850000mm,44.288863mm,Bottom,90.000000
C167,78.500000mm,41.688863mm,Bottom,0.000000
C205,76.200000mm,27.388863mm,Bottom,0.000000
C301,23.900000mm,31.088863mm,Bottom,0.000000
C302,17.200000mm,27.588863mm,Bottom,0.000000
C501,22.000000mm,7.488863mm,Bottom,0.000000
C502,12.700000mm,13.688863mm,Bottom,180.000000
C503,22.700000mm,11.788863mm,Bottom,0.000000
C511,79.000000mm,5.788863mm,Bottom,180.000000
C512,79.000000mm,3.788863mm,Bottom,180.000000
C514,83.500000mm,12.058863mm,Bottom,-90.000000
C521,71.500000mm,5.788863mm,Bottom,180.000000
C522,71.500000mm,3.788863mm,Bottom,180.000000
C524,73.500000mm,10.438863mm,Bottom,-90.000000
C531,76.000000mm,14.888863mm,Bottom,0.000000
D102,35.000000mm,2.788863mm,Bottom,0.000000
D301,14.600000mm,31.788863mm,Bottom,180.000000
D402,63.600000mm,28.988863mm,Bottom,-90.000000
D501,14.200000mm,20.788863mm,Bottom,0.000000
J401,65.300000mm,32.488863mm,Bottom,0.000000
L151,25.700000mm,24.788863mm,Bottom,180.000000
L406,65.300000mm,28.288863mm,Bottom,90.000000
R101,26.000000mm,4.288863mm,Bottom,0.000000
R102,28.500000mm,16.188863mm,Bottom,0.000000
R103,27.800000mm,13.788863mm,Bottom,0.000000
R104,27.800000mm,11.688863mm,Bottom,0.000000
R105,35.800000mm,14.588863mm,Bottom,0.000000
R106,38.000000mm,12.288863mm,Bottom,180.000000
R107,38.000000mm,9.788863mm,Bottom,0.000000
R108,40.000000mm,4.288863mm,Bottom,0.000000
R151,38.600000mm,39.588863mm,Bottom,0.000000
R152,33.500000mm,23.288863mm,Bottom,0.000000
R153,41.000000mm,20.288863mm,Bottom,0.000000
R154,44.000000mm,22.288863mm,Bottom,0.000000
R155,44.000000mm,30.488863mm,Bottom,90.000000
R156,41.250000mm,31.187863mm,Bottom,-90.000000
R158,82.700000mm,45.288863mm,Bottom,90.000000
R168,86.350000mm,39.288863mm,Bottom,0.000000
R169,79.800000mm,39.588863mm,Bottom,0.000000
R170,83.200000mm,39.588863mm,Bottom,0.000000
R203,72.800000mm,31.588863mm,Bottom,0.000000
R204,75.600000mm,34.388863mm,Bottom,90.000000
R302,26.000000mm,29.088863mm,Bottom,0.000000
R303,26.000000mm,35.488863mm,Bottom,180.000000
R407,46.200000mm,25.888863mm,Bottom,90.000000
R408,64.800000mm,23.288863mm,Bottom,0.000000
R409,44.000000mm,33.288863mm,Bottom,0.000000
R410,63.600000mm,20.888863mm,Bottom,-90.000000
R411,60.900000mm,20.888863mm,Bottom,90.000000
R501,12.800000mm,10.788863mm,Bottom,0.000000
R502,17.000000mm,10.788863mm,Bottom,0.000000
R503,12.800000mm,8.288863mm,Bottom,0.000000
R504,17.000000mm,8.288863mm,Bottom,0.000000
R505,22.000000mm,9.588863mm,Bottom,0.000000
R506,18.500000mm,3.288863mm,Bottom,0.000000
R511,82.600000mm,2.688863mm,Bottom,0.000000
R512,83.500000mm,4.788863mm,Bottom,0.000000
R513,83.900000mm,9.288863mm,Bottom,180.000000
R514,83.500000mm,6.488863mm,Bottom,0.000000
R515,86.250000mm,13.388863mm,Bottom,0.000000
R521,75.000000mm,1.988863mm,Bottom,0.000000
R522,75.000000mm,4.788863mm,Bottom,0.000000
R523,72.150000mm,7.888863mm,Bottom,0.000000
R524,75.600000mm,7.088863mm,Bottom,180.000000
R525,85.100000mm,15.488863mm,Bottom,0.000000
U101,33.000000mm,10.788863mm,Bottom,0.000000
U151,35.000000mm,28.288863mm,Bottom,0.000000
U152,43.600000mm,36.488863mm,Bottom,0.000000
U153,79.100000mm,44.788863mm,Bottom,0.000000
U202,77.800000mm,30.088863mm,Bottom,180.000000
U301,20.400000mm,31.788863mm,Bottom,180.000000
U501,18.500000mm,15.788863mm,Bottom,0.000000
U502,78.500000mm,10.788863mm,Bottom,180.000000
C103,26.300000mm,20.288863mm,Top,0.000000
C121,39.000000mm,19.888863mm,Top,90.000000
C123,42.150000mm,16.488863mm,Top,90.000000
C124,51.600000mm,16.188863mm,Top,90.000000
C125,52.400000mm,8.988864mm,Top,90.000000
C126,49.400000mm,6.088863mm,Top,180.000000
C127,58.000000mm,3.288863mm,Top,0.000000
C128,63.000000mm,3.288863mm,Top,0.000000
C162,49.000000mm,46.288863mm,Top,0.000000
C165,27.000000mm,41.788863mm,Top,0.000000
C201,78.500000mm,32.288863mm,Top,0.000000
C202,85.500000mm,30.488863mm,Top,90.000000
C204,83.800000mm,35.488863mm,Top,0.000000
C206,82.000000mm,45.288863mm,Top,0.000000
C401,34.900000mm,34.288863mm,Top,90.000000
C402,43.000000mm,34.288863mm,Top,90.000000
C403,43.800000mm,38.888863mm,Top,90.000000
C404,67.000000mm,24.988863mm,Top,90.000000
C405,55.800000mm,19.788863mm,Top,0.000000
C504,22.000000mm,17.038863mm,Top,90.000000
C505,21.250000mm,21.288863mm,Top,0.000000
C506,16.250000mm,20.038863mm,Top,180.000000
C513,84.900000mm,6.988863mm,Top,-90.000000
C523,81.800000mm,6.988863mm,Top,-90.000000
C532,18.800000mm,15.788863mm,Top,180.000000
D101,23.400000mm,8.788863mm,Top,180.000000
D103,37.500000mm,3.788863mm,Top,180.000000
D104,41.000000mm,9.488863mm,Top,90.000000
D105,27.000000mm,-2.711137mm,Top,180.000000
D401,30.000000mm,31.788863mm,Top,0.000000
D502,18.500000mm,30.538863mm,Top,180.000000
D511,86.900000mm,6.188863mm,Top,90.000000
D512,84.000000mm,3.288863mm,Top,-90.000000
D521,79.500000mm,6.188863mm,Top,90.000000
D522,81.800000mm,3.288863mm,Top,-90.000000
D601,17.000000mm,38.288863mm,Top,0.000000
D602,20.000000mm,38.288863mm,Top,0.000000
D603,23.000000mm,38.288863mm,Top,0.000000
D604,26.000000mm,38.288863mm,Top,0.000000
D605,29.000000mm,38.288863mm,Top,0.000000
D606,32.000000mm,38.288863mm,Top,0.000000
F1,8.300000mm,17.788863mm,Top,90.000000
J202,6.000000mm,2.788863mm,Top,90.000000
J203,13.000000mm,2.788863mm,Top,90.000000
L121,59.800000mm,12.238863mm,Top,90.000000
Q101,33.299999mm,12.288863mm,Top,180.000000
Q152,46.000000mm,-2.711137mm,Top,0.000000
Q153,50.000000mm,-2.711137mm,Top,0.000000
R109,34.200000mm,18.288863mm,Top,90.000000
R110,31.400000mm,24.888864mm,Top,90.000000
R111,26.000000mm,3.288863mm,Top,0.000000
R121,44.000000mm,10.488863mm,Top,90.000000
R122,49.400000mm,8.288863mm,Top,180.000000
R123,49.400000mm,10.588863mm,Top,0.000000
R124,52.000000mm,12.588863mm,Top,-90.000000
R125,44.300000mm,6.288863mm,Top,90.000000
R126,46.800000mm,4.488863mm,Top,90.000000
R127,46.800000mm,9.988863mm,Top,90.000000
R128,68.000000mm,3.288863mm,Top,0.000000
R157,35.900000mm,27.588863mm,Top,0.000000
R159,46.000000mm,42.788863mm,Top,0.000000
R160,27.000000mm,48.788863mm,Top,0.000000
R161,30.500000mm,48.788863mm,Top,0.000000
R162,27.000000mm,45.288863mm,Top,0.000000
R163,30.500000mm,45.288863mm,Top,0.000000
R164,48.000000mm,-6.911137mm,Top,0.000000
R165,39.500000mm,-2.711137mm,Top,0.000000
R166,35.000000mm,48.788863mm,Top,0.000000
R167,39.000000mm,48.788863mm,Top,0.000000
R201,79.500000mm,29.588863mm,Top,0.000000
R202,70.000000mm,6.688863mm,Top,0.000000
R401,36.500000mm,31.088863mm,Top,0.000000
R402,73.500000mm,29.488863mm,Top,0.000000
R403,76.500000mm,29.488863mm,Top,0.000000
R404,55.500000mm,21.688863mm,Top,180.000000
R405,28.000000mm,29.088863mm,Top,90.000000
R507,17.500000mm,25.788863mm,Top,180.000000
R601,17.000000mm,35.288863mm,Top,90.000000
R602,20.000000mm,35.288863mm,Top,90.000000
R603,23.000000mm,35.288863mm,Top,90.000000
R604,26.000000mm,35.288863mm,Top,90.000000
R605,29.000000mm,35.288863mm,Top,90.000000
R606,32.000000mm,35.288863mm,Top,90.000000
U121,47.000000mm,14.788863mm,Top,0.000000
U201,81.504766mm,18.288863mm,Top,-90.000000
U402,65.300000mm,21.688863mm,Top,0.000000
U403,39.000000mm,35.288863mm,Top,0.000000
U404,60.000000mm,21.688863mm,Top,180.000000
