Reference,Value,Footprint,Manufacturer,MPN,LCSC,Quantity,Assembly,Route,SupplierMPN,SourceURL,Status,Identity,CatalogAssembly,StockSnapshot,PreorderMinimum,SupplierAcceptance,Substitutions
C101,100n /100V X7R,RevB:C_0805_2012Metric,TDK,CGA4J2X7R2A104K125AA,C342919,1,FACTORY,JLC_CATALOG,CGA4J2X7R2A104KT0Y0U,https://jlcpcb.com/partdetail/C342919,CATALOG_STOCK,DOCUMENTED_CATALOG_ALIAS,smtWeld,4615,142,REQUIRED,NOT_ALLOWED
C102,10n /100V X7R,RevB:C_0603_1608Metric,TDK,CGA3E2X7R2A103K080AE,C3858696,1,FACTORY,JLC_CATALOG,CGA3E2X7R2A103K080AE,https://jlcpcb.com/partdetail/C3858696,CATALOG_PREORDER,EXACT_MPN,smtWeld,0,48,REQUIRED,NOT_ALLOWED
C103,2.2u /100V X7R,RevB:C_1210_3225Metric,TDK,CGA6N3X7R2A225K230AB,C342652,1,FACTORY,JLC_CATALOG,CGA6N3X7R2A225KT0Y0U,https://jlcpcb.com/partdetail/C342652,CATALOG_STOCK,DOCUMENTED_CATALOG_ALIAS,smtWeld,767,30,REQUIRED,NOT_ALLOWED
C121,2.2u /100V X7R,RevB:C_1210_3225Metric,TDK,CGA6N3X7R2A225K230AB,C342652,1,FACTORY,JLC_CATALOG,CGA6N3X7R2A225KT0Y0U,https://jlcpcb.com/partdetail/C342652,CATALOG_STOCK,DOCUMENTED_CATALOG_ALIAS,smtWeld,767,30,REQUIRED,NOT_ALLOWED
C122,2.2u /100V X7R,RevB:C_1210_3225Metric,TDK,CGA6N3X7R2A225K230AB,C342652,1,FACTORY,JLC_CATALOG,CGA6N3X7R2A225KT0Y0U,https://jlcpcb.com/partdetail/C342652,CATALOG_STOCK,DOCUMENTED_CATALOG_ALIAS,smtWeld,767,30,REQUIRED,NOT_ALLOWED
C123,100n /100V X7R,RevB:C_0805_2012Metric,TDK,CGA4J2X7R2A104K125AA,C342919,1,FACTORY,JLC_CATALOG,CGA4J2X7R2A104KT0Y0U,https://jlcpcb.com/partdetail/C342919,CATALOG_STOCK,DOCUMENTED_CATALOG_ALIAS,smtWeld,4615,142,REQUIRED,NOT_ALLOWED
C124,2.2n /50V C0G 5%,RevB:C_0603_1608Metric,TDK,CGA3E2C0G1H222J080AA,C2169200,1,FACTORY,JLC_CATALOG,CGA3E2C0G1H222J080AA,https://jlcpcb.com/partdetail/C2169200,CATALOG_PREORDER,EXACT_MPN,smtWeld,0,115,REQUIRED,NOT_ALLOWED
C125,3.3n /100V C0G 5%,RevB:C_0603_1608Metric,TDK,CGA3E2C0G2A332J080AA,C2171993,1,FACTORY,JLC_CATALOG,CGA3E2C0G2A332J080AA,https://jlcpcb.com/partdetail/C2171993,CATALOG_PREORDER,EXACT_MPN,smtWeld,0,747,REQUIRED,NOT_ALLOWED
C126,100p /50V C0G,RevB:C_0603_1608Metric,TDK,CGA3E2C0G1H101J080AA,C76709,1,FACTORY,JLC_CATALOG,CGA3E2C0G1H101JT0Y0N,https://jlcpcb.com/partdetail/C76709,CATALOG_STOCK,DOCUMENTED_CATALOG_ALIAS,smtWeld,1455,446,REQUIRED,NOT_ALLOWED
C127,22u /25V X7R 10%,RevB:C_1210_3225Metric,Taiyo Yuden,MCAST32MSB7226KPNA01,C5372271,1,FACTORY,JLC_CATALOG,MCAST32MSB7226KPNA01,https://jlcpcb.com/partdetail/C5372271,CATALOG_STOCK,EXACT_MPN,smtWeld,1698,23,REQUIRED,NOT_ALLOWED
C128,22u /25V X7R 10%,RevB:C_1210_3225Metric,Taiyo Yuden,MCAST32MSB7226KPNA01,C5372271,1,FACTORY,JLC_CATALOG,MCAST32MSB7226KPNA01,https://jlcpcb.com/partdetail/C5372271,CATALOG_STOCK,EXACT_MPN,smtWeld,1698,23,REQUIRED,NOT_ALLOWED
C129,2.2u /100V X7R,RevB:C_1210_3225Metric,TDK,CGA6N3X7R2A225K230AB,C342652,1,FACTORY,JLC_CATALOG,CGA6N3X7R2A225KT0Y0U,https://jlcpcb.com/partdetail/C342652,CATALOG_STOCK,DOCUMENTED_CATALOG_ALIAS,smtWeld,767,30,REQUIRED,NOT_ALLOWED
C151,22u /25V X7R 10%,RevB:C_1210_3225Metric,Taiyo Yuden,MCAST32MSB7226KPNA01,C5372271,1,FACTORY,JLC_CATALOG,MCAST32MSB7226KPNA01,https://jlcpcb.com/partdetail/C5372271,CATALOG_STOCK,EXACT_MPN,smtWeld,1698,23,REQUIRED,NOT_ALLOWED
C152,220n /50V X7R 10%,RevB:I32_PROCUREMENT_C152,TDK,CGA3E3X7R1H224KT0Y0N,C342967,1,FACTORY,JLC_CATALOG,CGA3E3X7R1H224KT0Y0N,https://jlcpcb.com/partdetail/C342967,CATALOG_STOCK,EXACT_MPN,smtWeld,3670,390,REQUIRED,NOT_ALLOWED
C153,1u /16V X7R,RevB:C_0603_1608Metric,Murata,GCM188R71C105KA64D,C161212,1,FACTORY,JLC_CATALOG,GCM188R71C105KA64D,https://jlcpcb.com/partdetail/C161212,CATALOG_STOCK,EXACT_MPN,smtWeld,72820,287,REQUIRED,NOT_ALLOWED
C154,220n /50V X7R 10%,RevB:I32_PROCUREMENT_C154,TDK,CGA3E3X7R1H224KT0Y0N,C342967,1,FACTORY,JLC_CATALOG,CGA3E3X7R1H224KT0Y0N,https://jlcpcb.com/partdetail/C342967,CATALOG_STOCK,EXACT_MPN,smtWeld,3670,390,REQUIRED,NOT_ALLOWED
C155,22u /25V X7R 10%,RevB:C_1210_3225Metric,Taiyo Yuden,MCAST32MSB7226KPNA01,C5372271,1,FACTORY,JLC_CATALOG,MCAST32MSB7226KPNA01,https://jlcpcb.com/partdetail/C5372271,CATALOG_STOCK,EXACT_MPN,smtWeld,1698,23,REQUIRED,NOT_ALLOWED
C156,22u /25V X7R 10%,RevB:C_1210_3225Metric,Taiyo Yuden,MCAST32MSB7226KPNA01,C5372271,1,FACTORY,JLC_CATALOG,MCAST32MSB7226KPNA01,https://jlcpcb.com/partdetail/C5372271,CATALOG_STOCK,EXACT_MPN,smtWeld,1698,23,REQUIRED,NOT_ALLOWED
C157,22u /25V X7R 10%,RevB:C_1210_3225Metric,Taiyo Yuden,MCAST32MSB7226KPNA01,C5372271,1,FACTORY,JLC_CATALOG,MCAST32MSB7226KPNA01,https://jlcpcb.com/partdetail/C5372271,CATALOG_STOCK,EXACT_MPN,smtWeld,1698,23,REQUIRED,NOT_ALLOWED
C158,100n /50V X7R,RevB:C_0603_1608Metric,Murata,GCM188R71H104KA57D,C85864,1,FACTORY,JLC_CATALOG,GCM188R71H104KA57D,https://jlcpcb.com/partdetail/C85864,CATALOG_STOCK,EXACT_MPN,smtWeld,1889215,402,REQUIRED,NOT_ALLOWED
C159,33n /100V C0G 5% CT,RevB:I32_FINISHED_C159,TDK,CGA4J1C0G2A333J125AE,C2181132,1,FACTORY,JLC_CATALOG,CGA4J1C0G2A333J125AE,https://jlcpcb.com/partdetail/C2181132,CATALOG_PREORDER,EXACT_MPN,smtWeld,0,164,REQUIRED,NOT_ALLOWED
C161,100n /50V X7R ISO INPUT,RevB:I32_FINISHED_C161,Murata,GCM188R71H104KA57D,C85864,1,FACTORY,JLC_CATALOG,GCM188R71H104KA57D,https://jlcpcb.com/partdetail/C85864,CATALOG_STOCK,EXACT_MPN,smtWeld,1889215,402,REQUIRED,NOT_ALLOWED
C162,470u /10V POLYMER INPUT,RevB:I32_FINISHED_C162,KEMET,T598X477M010ATE025,C19941093,1,FACTORY,JLC_CATALOG,T598X477M010ATE025,https://jlcpcb.com/partdetail/C19941093,CATALOG_PREORDER,EXACT_MPN,manualWeld,0,4,REQUIRED,NOT_ALLOWED
C165,220n /50V X7R 10% EN DELAY,RevB:I32_PROCUREMENT_C165,TDK,CGA3E3X7R1H224KT0Y0N,C342967,1,FACTORY,JLC_CATALOG,CGA3E3X7R1H224KT0Y0N,https://jlcpcb.com/partdetail/C342967,CATALOG_STOCK,EXACT_MPN,smtWeld,3670,390,REQUIRED,NOT_ALLOWED
C166,68n /100V C0G 5% BULK CT,RevB:I32_FINISHED_C166,TDK,CGA5L1C0G2A683J160AE,C3869625,1,FACTORY,JLC_CATALOG,CGA5L1C0G2A683J160AE,https://jlcpcb.com/partdetail/C3869625,CATALOG_PREORDER,EXACT_MPN,smtWeld,0,40,REQUIRED,NOT_ALLOWED
C167,1u /16V X7R BULK INPUT,RevB:I32_FINISHED_C167,Murata,GCM188R71C105KA64D,C161212,1,FACTORY,JLC_CATALOG,GCM188R71C105KA64D,https://jlcpcb.com/partdetail/C161212,CATALOG_STOCK,EXACT_MPN,smtWeld,72820,287,REQUIRED,NOT_ALLOWED
C201,22u /25V X7R 10%,RevB:C_1210_3225Metric,Taiyo Yuden,MCAST32MSB7226KPNA01,C5372271,1,FACTORY,JLC_CATALOG,MCAST32MSB7226KPNA01,https://jlcpcb.com/partdetail/C5372271,CATALOG_STOCK,EXACT_MPN,smtWeld,1698,23,REQUIRED,NOT_ALLOWED
C202,100n /50V X7R,RevB:C_0603_1608Metric,Murata,GCM188R71H104KA57D,C85864,1,FACTORY,JLC_CATALOG,GCM188R71H104KA57D,https://jlcpcb.com/partdetail/C85864,CATALOG_STOCK,EXACT_MPN,smtWeld,1889215,402,REQUIRED,NOT_ALLOWED
C204,22u /25V X7R 10%,RevB:C_1210_3225Metric,Taiyo Yuden,MCAST32MSB7226KPNA01,C5372271,1,FACTORY,JLC_CATALOG,MCAST32MSB7226KPNA01,https://jlcpcb.com/partdetail/C5372271,CATALOG_STOCK,EXACT_MPN,smtWeld,1698,23,REQUIRED,NOT_ALLOWED
C205,100n /50V X7R,RevB:C_0603_1608Metric_RVB22_C205,Murata,GCM188R71H104KA57D,C85864,1,FACTORY,JLC_CATALOG,GCM188R71H104KA57D,https://jlcpcb.com/partdetail/C85864,CATALOG_STOCK,EXACT_MPN,smtWeld,1889215,402,REQUIRED,NOT_ALLOWED
C206,680u /6.3V POLYMER,RevB:KEMET_T598_X_7343_Median_RVB22_C206,KEMET,T598X687M006ATE025,C4951511,1,FACTORY,JLC_CATALOG,T598X687M006ATE025,https://jlcpcb.com/partdetail/C4951511,CATALOG_PREORDER,EXACT_MPN,smtWeld,0,6,REQUIRED,NOT_ALLOWED
C301,100n /50V X7R,RevB:C_0603_1608Metric,Murata,GCM188R71H104KA57D,C85864,1,FACTORY,JLC_CATALOG,GCM188R71H104KA57D,https://jlcpcb.com/partdetail/C85864,CATALOG_STOCK,EXACT_MPN,smtWeld,1889215,402,REQUIRED,NOT_ALLOWED
C302,1u /16V X7R,RevB:C_0603_1608Metric,Murata,GCM188R71C105KA64D,C161212,1,FACTORY,JLC_CATALOG,GCM188R71C105KA64D,https://jlcpcb.com/partdetail/C161212,CATALOG_STOCK,EXACT_MPN,smtWeld,72820,287,REQUIRED,NOT_ALLOWED
C401,22u /25V X7R 10%,RevB:C_1210_3225Metric,Taiyo Yuden,MCAST32MSB7226KPNA01,C5372271,1,FACTORY,JLC_CATALOG,MCAST32MSB7226KPNA01,https://jlcpcb.com/partdetail/C5372271,CATALOG_STOCK,EXACT_MPN,smtWeld,1698,23,REQUIRED,NOT_ALLOWED
C402,22u /25V X7R 10%,RevB:C_1210_3225Metric,Taiyo Yuden,MCAST32MSB7226KPNA01,C5372271,1,FACTORY,JLC_CATALOG,MCAST32MSB7226KPNA01,https://jlcpcb.com/partdetail/C5372271,CATALOG_STOCK,EXACT_MPN,smtWeld,1698,23,REQUIRED,NOT_ALLOWED
C403,100n /50V X7R,RevB:C_0603_1608Metric,Murata,GCM188R71H104KA57D,C85864,1,FACTORY,JLC_CATALOG,GCM188R71H104KA57D,https://jlcpcb.com/partdetail/C85864,CATALOG_STOCK,EXACT_MPN,smtWeld,1889215,402,REQUIRED,NOT_ALLOWED
C404,100n /50V X7R,RevB:C_0603_1608Metric,Murata,GCM188R71H104KA57D,C85864,1,FACTORY,JLC_CATALOG,GCM188R71H104KA57D,https://jlcpcb.com/partdetail/C85864,CATALOG_STOCK,EXACT_MPN,smtWeld,1889215,402,REQUIRED,NOT_ALLOWED
C405,100n /50V X7R,RevB:C_0603_1608Metric,Murata,GCM188R71H104KA57D,C85864,1,FACTORY,JLC_CATALOG,GCM188R71H104KA57D,https://jlcpcb.com/partdetail/C85864,CATALOG_STOCK,EXACT_MPN,smtWeld,1889215,402,REQUIRED,NOT_ALLOWED
C501,22n /50V X7R,RevB:C_0603_1608Metric,TDK,CGA3E2X7R1H223K080AE,C2176922,1,FACTORY,JLC_CATALOG,CGA3E2X7R1H223K080AE,https://jlcpcb.com/partdetail/C2176922,CATALOG_PREORDER,EXACT_MPN,smtWeld,0,963,REQUIRED,NOT_ALLOWED
C502,100n /50V X7R,RevB:C_0603_1608Metric,Murata,GCM188R71H104KA57D,C85864,1,FACTORY,JLC_CATALOG,GCM188R71H104KA57D,https://jlcpcb.com/partdetail/C85864,CATALOG_STOCK,EXACT_MPN,smtWeld,1889215,402,REQUIRED,NOT_ALLOWED
C503,100n /100V X7R,RevB:C_0805_2012Metric,TDK,CGA4J2X7R2A104K125AA,C342919,1,FACTORY,JLC_CATALOG,CGA4J2X7R2A104KT0Y0U,https://jlcpcb.com/partdetail/C342919,CATALOG_STOCK,DOCUMENTED_CATALOG_ALIAS,smtWeld,4615,142,REQUIRED,NOT_ALLOWED
C504,10u /50V X7R,RevB:KEMET_C1210_10u50V,KEMET,C1210C106K5RACTU,C2167688,1,FACTORY,JLC_CATALOG,C1210C106K5RACTU,https://jlcpcb.com/partdetail/C2167688,CATALOG_STOCK,EXACT_MPN,smtWeld,346,9,REQUIRED,NOT_ALLOWED
C505,10u /50V X7R,RevB:KEMET_C1210_10u50V,KEMET,C1210C106K5RACTU,C2167688,1,FACTORY,JLC_CATALOG,C1210C106K5RACTU,https://jlcpcb.com/partdetail/C2167688,CATALOG_STOCK,EXACT_MPN,smtWeld,346,9,REQUIRED,NOT_ALLOWED
C506,10u /50V X7R,RevB:KEMET_C1210_10u50V,KEMET,C1210C106K5RACTU,C2167688,1,FACTORY,JLC_CATALOG,C1210C106K5RACTU,https://jlcpcb.com/partdetail/C2167688,CATALOG_STOCK,EXACT_MPN,smtWeld,346,9,REQUIRED,NOT_ALLOWED
C511,1u /16V X7R,RevB:C_0603_1608Metric,Murata,GCM188R71C105KA64D,C161212,1,FACTORY,JLC_CATALOG,GCM188R71C105KA64D,https://jlcpcb.com/partdetail/C161212,CATALOG_STOCK,EXACT_MPN,smtWeld,72820,287,REQUIRED,NOT_ALLOWED
C512,1u /16V X7R,RevB:C_0603_1608Metric,Murata,GCM188R71C105KA64D,C161212,1,FACTORY,JLC_CATALOG,GCM188R71C105KA64D,https://jlcpcb.com/partdetail/C161212,CATALOG_STOCK,EXACT_MPN,smtWeld,72820,287,REQUIRED,NOT_ALLOWED
C513,22n /50V X7R,RevB:C_0603_1608Metric,TDK,CGA3E2X7R1H223K080AE,C2176922,1,FACTORY,JLC_CATALOG,CGA3E2X7R1H223K080AE,https://jlcpcb.com/partdetail/C2176922,CATALOG_PREORDER,EXACT_MPN,smtWeld,0,963,REQUIRED,NOT_ALLOWED
C514,100p /50V C0G5%,RevB:C_0603_1608Metric,TDK,CGA3E2C0G1H101J080AA,C76709,1,FACTORY,JLC_CATALOG,CGA3E2C0G1H101JT0Y0N,https://jlcpcb.com/partdetail/C76709,CATALOG_STOCK,DOCUMENTED_CATALOG_ALIAS,smtWeld,1455,446,REQUIRED,NOT_ALLOWED
C521,1u /16V X7R,RevB:C_0603_1608Metric,Murata,GCM188R71C105KA64D,C161212,1,FACTORY,JLC_CATALOG,GCM188R71C105KA64D,https://jlcpcb.com/partdetail/C161212,CATALOG_STOCK,EXACT_MPN,smtWeld,72820,287,REQUIRED,NOT_ALLOWED
C522,1u /16V X7R,RevB:C_0603_1608Metric,Murata,GCM188R71C105KA64D,C161212,1,FACTORY,JLC_CATALOG,GCM188R71C105KA64D,https://jlcpcb.com/partdetail/C161212,CATALOG_STOCK,EXACT_MPN,smtWeld,72820,287,REQUIRED,NOT_ALLOWED
C523,22n /50V X7R,RevB:C_0603_1608Metric,TDK,CGA3E2X7R1H223K080AE,C2176922,1,FACTORY,JLC_CATALOG,CGA3E2X7R1H223K080AE,https://jlcpcb.com/partdetail/C2176922,CATALOG_PREORDER,EXACT_MPN,smtWeld,0,963,REQUIRED,NOT_ALLOWED
C524,100p /50V C0G5%,RevB:C_0603_1608Metric,TDK,CGA3E2C0G1H101J080AA,C76709,1,FACTORY,JLC_CATALOG,CGA3E2C0G1H101JT0Y0N,https://jlcpcb.com/partdetail/C76709,CATALOG_STOCK,DOCUMENTED_CATALOG_ALIAS,smtWeld,1455,446,REQUIRED,NOT_ALLOWED
C531,100n /50V X7R,RevB:C_0603_1608Metric,Murata,GCM188R71H104KA57D,C85864,1,FACTORY,JLC_CATALOG,GCM188R71H104KA57D,https://jlcpcb.com/partdetail/C85864,CATALOG_STOCK,EXACT_MPN,smtWeld,1889215,402,REQUIRED,NOT_ALLOWED
C532,10n /50V C0G 5% OUT HF,RevB:C_0603_1608Metric,Murata,GRM1885C1H103JA01D,C85973,1,FACTORY,JLC_CATALOG,GRM1885C1H103JA01D,https://jlcpcb.com/partdetail/C85973,CATALOG_STOCK,EXACT_MPN,smtWeld,270669,382,REQUIRED,NOT_ALLOWED
D101,S5J /600V REVERSE BLOCK,RevB:D_SMC,Vishay,S5JHE3_A/H,C511410,1,FACTORY,JLC_CATALOG,S5JHE3_A/H,https://jlcpcb.com/partdetail/C511410,CATALOG_STOCK,EXACT_MPN,smtWeld,403,25,REQUIRED,NOT_ALLOWED
D102,SMAJ30A /TVS,RevB:D_SMA,Vishay,SMAJ30AHE3_A/H,C1978408,1,FACTORY,JLC_CATALOG,SMAJ30AHE3_A/H,https://jlcpcb.com/partdetail/C1978408,CATALOG_PREORDER,EXACT_MPN,smtWeld,0,63,REQUIRED,NOT_ALLOWED
D103,SMCJ24A /TVS,RevB:D_SMC_RVB22_D103,Vishay,SMCJ24AHE3_A/H,C1981952,1,FACTORY,JLC_CATALOG,SMCJ24AHE3_A/H,https://jlcpcb.com/partdetail/C1981952,CATALOG_PREORDER,EXACT_MPN,smtWeld,0,18,REQUIRED,NOT_ALLOWED
D104,15V GATE CLAMP,RevB:D_SOD-123F,Nexperia,BZT52H-B15-QX,C7507926,1,FACTORY,JLC_CATALOG,BZT52H-B15-QX,https://jlcpcb.com/partdetail/C7507926,CATALOG_STOCK,EXACT_MPN,manualWeld,8620,244,REQUIRED,NOT_ALLOWED
D105,SMCJ110A /RAW OV CLAMP,RevB:D_SMC,Vishay,SMCJ110AHE3_A/H,C1982070,1,FACTORY,JLC_CATALOG,SMCJ110AHE3_A/H,https://jlcpcb.com/partdetail/C1982070,CATALOG_PREORDER,EXACT_MPN,smtWeld,0,23,REQUIRED,NOT_ALLOWED
D301,ESD2CAN24DBZRQ1,RevB:SOT-23,Texas Instruments,ESD2CAN24DBZRQ1,C5736151,1,FACTORY,JLC_CATALOG,ESD2CAN24DBZRQ1,https://jlcpcb.com/partdetail/C5736151,CATALOG_STOCK,EXACT_MPN,smtWeld,2299,26,REQUIRED,NOT_ALLOWED
D401,SEARCH (blink / no fix),RevB:LED_0603_1608Metric,Kingbright,APT1608SGC,C5875754,1,FACTORY,JLC_CATALOG,APT1608SGC,https://jlcpcb.com/partdetail/C5875754,CATALOG_STOCK,EXACT_MPN,smtWeld,4731,91,REQUIRED,NOT_ALLOWED
D402,TPD1E05U06DPYR,RevB:TI_DPY0002A_TPD1E05U06_SMDMask,Texas Instruments,TPD1E05U06DPYR,C436349,1,FACTORY,JLC_CATALOG,TPD1E05U06DPYR,https://jlcpcb.com/partdetail/C436349,CATALOG_STOCK,EXACT_MPN,smtWeld,47234,181,REQUIRED,NOT_ALLOWED
D501,ESD2CAN24DBZRQ1,RevB:SOT-23,Texas Instruments,ESD2CAN24DBZRQ1,C5736151,1,FACTORY,JLC_CATALOG,ESD2CAN24DBZRQ1,https://jlcpcb.com/partdetail/C5736151,CATALOG_STOCK,EXACT_MPN,smtWeld,2299,26,REQUIRED,NOT_ALLOWED
D502,SS16 /60V Schottky,RevB:D_SMA,Vishay,SS16HE3_B/H,C266798,1,FACTORY,JLC_CATALOG,SS16HE3_B/H,https://jlcpcb.com/partdetail/C266798,CATALOG_STOCK,EXACT_MPN,smtWeld,5929,69,REQUIRED,NOT_ALLOWED
D511,"PMEG2010BEA,115",RevB:Nexperia_SOD323_PMEG2010BEA,Nexperia,"PMEG2010BEA,115",C455041,1,FACTORY,JLC_CATALOG,"PMEG2010BEA,115",https://jlcpcb.com/partdetail/C455041,CATALOG_STOCK,EXACT_MPN,smtWeld,1382,41,REQUIRED,NOT_ALLOWED
D512,"PMEG2010BEA,115",RevB:Nexperia_SOD323_PMEG2010BEA,Nexperia,"PMEG2010BEA,115",C455041,1,FACTORY,JLC_CATALOG,"PMEG2010BEA,115",https://jlcpcb.com/partdetail/C455041,CATALOG_STOCK,EXACT_MPN,smtWeld,1382,41,REQUIRED,NOT_ALLOWED
D521,"PMEG2010BEA,115",RevB:Nexperia_SOD323_PMEG2010BEA,Nexperia,"PMEG2010BEA,115",C455041,1,FACTORY,JLC_CATALOG,"PMEG2010BEA,115",https://jlcpcb.com/partdetail/C455041,CATALOG_STOCK,EXACT_MPN,smtWeld,1382,41,REQUIRED,NOT_ALLOWED
D522,"PMEG2010BEA,115",RevB:Nexperia_SOD323_PMEG2010BEA,Nexperia,"PMEG2010BEA,115",C455041,1,FACTORY,JLC_CATALOG,"PMEG2010BEA,115",https://jlcpcb.com/partdetail/C455041,CATALOG_STOCK,EXACT_MPN,smtWeld,1382,41,REQUIRED,NOT_ALLOWED
D601,PWR,RevB:LED_0603_1608Metric,Kingbright,APT1608SGC,C5875754,1,FACTORY,JLC_CATALOG,APT1608SGC,https://jlcpcb.com/partdetail/C5875754,CATALOG_STOCK,EXACT_MPN,smtWeld,4731,91,REQUIRED,NOT_ALLOWED
D602,BLE,RevB:LED_0603_1608Metric,Kingbright,APT1608SGC,C5875754,1,FACTORY,JLC_CATALOG,APT1608SGC,https://jlcpcb.com/partdetail/C5875754,CATALOG_STOCK,EXACT_MPN,smtWeld,4731,91,REQUIRED,NOT_ALLOWED
D603,CAN,RevB:LED_0603_1608Metric,Kingbright,APT1608SGC,C5875754,1,FACTORY,JLC_CATALOG,APT1608SGC,https://jlcpcb.com/partdetail/C5875754,CATALOG_STOCK,EXACT_MPN,smtWeld,4731,91,REQUIRED,NOT_ALLOWED
D604,GPS,RevB:LED_0603_1608Metric,Kingbright,APT1608SGC,C5875754,1,FACTORY,JLC_CATALOG,APT1608SGC,https://jlcpcb.com/partdetail/C5875754,CATALOG_STOCK,EXACT_MPN,smtWeld,4731,91,REQUIRED,NOT_ALLOWED
D605,SYS,RevB:LED_0603_1608Metric,Kingbright,APT1608SGC,C5875754,1,FACTORY,JLC_CATALOG,APT1608SGC,https://jlcpcb.com/partdetail/C5875754,CATALOG_STOCK,EXACT_MPN,smtWeld,4731,91,REQUIRED,NOT_ALLOWED
D606,OIL,RevB:LED_0603_1608Metric,Kingbright,APT1608SGC,C5875754,1,FACTORY,JLC_CATALOG,APT1608SGC,https://jlcpcb.com/partdetail/C5875754,CATALOG_STOCK,EXACT_MPN,smtWeld,4731,91,REQUIRED,NOT_ALLOWED
F1,0430451200 / TIN NEW HARNESS,RevB:Molex_Micro-Fit_3.0_43045-1200_2x06_P3.00mm_Horizontal_RVB22_F1,Molex,0430451200,C277636,1,FACTORY,JLC_CATALOG,430451200,https://jlcpcb.com/partdetail/C277636,CATALOG_STOCK,DOCUMENTED_FORMAT_ALIAS,manualWeld,4100,7,REQUIRED,NOT_ALLOWED
F101,1A /500VDC,RevB:Fuse_Littelfuse-NANO2-885,Littelfuse,0885001.DR,C2879865,1,LOCAL,LOCAL_INSTALL,0885001.DR,https://jlcpcb.com/partdetail/C2879865,CATALOG_STOCK,EXACT_MPN,smtWeld,82,2,REQUIRED,NOT_ALLOWED
J202,RESET — short to reset,RevB:Wurth_61300211121_1x02,Wurth Elektronik,61300211121,C2915055,1,FACTORY,JLC_CATALOG,61300211121,https://jlcpcb.com/partdetail/C2915055,CATALOG_STOCK,EXACT_MPN,manualWeld,17774,87,REQUIRED,NOT_ALLOWED
J203,BOOT — hold low on reset,RevB:Wurth_61300211121_1x02,Wurth Elektronik,61300211121,C2915055,1,FACTORY,JLC_CATALOG,61300211121,https://jlcpcb.com/partdetail/C2915055,CATALOG_STOCK,EXACT_MPN,manualWeld,17774,87,REQUIRED,NOT_ALLOWED
J401,U.FL-R-SMT-1(80),RevB:Hirose_UFL_R_SMT_1_80_RevB,Hirose,U.FL-R-SMT-1(80),C88374,1,FACTORY,JLC_CATALOG,U.FL-R-SMT-1(80),https://jlcpcb.com/partdetail/C88374,CATALOG_STOCK,EXACT_MPN,smtWeld,110059,105,REQUIRED,NOT_ALLOWED
L121,47u /100mOhm 2.5A BPCI,RevB:I32_PROCUREMENT_L121,Chilisin / Pulse,BPCI00121280470M00,C6471075,1,FACTORY,JLC_CATALOG,BPCI00121280470M00,https://jlcpcb.com/partdetail/C6471075,CATALOG_PREORDER,EXACT_MPN,manualWeld,0,35,REQUIRED,NOT_ALLOWED
L151,15u /XGL5030,RevB:L_Coilcraft_XAL5030-XXX,Coilcraft,XGL5030-153MEC,C3911485,1,FACTORY,JLC_CATALOG,XGL5030-153MEC,https://jlcpcb.com/partdetail/C3911485,CATALOG_PREORDER,EXACT_MPN,smtWeld,0,2,REQUIRED,NOT_ALLOWED
L406,1.6nH 5% RF MATCH,RevB:Murata_LQW18AS_1608,Murata,LQW18AS1N6J0ZD,C7295894,1,FACTORY,JLC_CATALOG,LQW18AS1N6J0ZD,https://jlcpcb.com/partdetail/C7295894,CATALOG_PREORDER,EXACT_MPN,manualWeld,0,113,REQUIRED,NOT_ALLOWED
Q101,STD25NF20 /200V,RevB:TO-252-2,STMicroelectronics,STD25NF20,C388326,1,FACTORY,JLC_CATALOG,STD25NF20,https://jlcpcb.com/partdetail/C388326,CATALOG_STOCK,EXACT_MPN,smtWeld,1,9,REQUIRED,NOT_ALLOWED
Q152,DMG2302UKQ /DISCHARGE,RevB:I32_FINISHED_Q152,Diodes Incorporated,DMG2302UKQ-7,C5224573,1,FACTORY,JLC_CATALOG,DMG2302UKQ-7,https://jlcpcb.com/partdetail/C5224573,CATALOG_STOCK,EXACT_MPN,smtWeld,1510,25,REQUIRED,NOT_ALLOWED
Q153,DMG2302UKQ /DISCHARGE,RevB:I32_FINISHED_Q153,Diodes Incorporated,DMG2302UKQ-7,C5224573,1,FACTORY,JLC_CATALOG,DMG2302UKQ-7,https://jlcpcb.com/partdetail/C5224573,CATALOG_STOCK,EXACT_MPN,smtWeld,1510,25,REQUIRED,NOT_ALLOWED
R101,12.1k /1W CTRL SURGE FEED,RevB:R_2512_6332Metric,Vishay,CRCW251212K1FKEG,C4263918,1,FACTORY,JLC_CATALOG,CRCW251212K1FKEG,https://jlcpcb.com/partdetail/C4263918,CATALOG_PREORDER,EXACT_MPN,smtWeld,0,86,REQUIRED,NOT_ALLOWED
R102,549k /0.1% OV COORD,RevB:R_1206_3216Metric,Vishay,TNPW1206549KBEEA,C4328168,1,FACTORY,JLC_CATALOG,TNPW1206549KBEEA,https://jlcpcb.com/partdetail/C4328168,CATALOG_PREORDER,EXACT_MPN,smtWeld,0,31,REQUIRED,NOT_ALLOWED
R103,24.3k /0.1% UV OV COORD,RevB:R_0603_1608Metric,Vishay,TNPW060324K3BEEA,C4269123,1,FACTORY,JLC_CATALOG,TNPW060324K3BEEA,https://jlcpcb.com/partdetail/C4269123,CATALOG_STOCK,EXACT_MPN,smtWeld,4888,120,REQUIRED,NOT_ALLOWED
R104,14.7k /0.1%,RevB:R_0603_1608Metric,Panasonic,ERA3AEB1472V,C2074591,1,FACTORY,JLC_CATALOG,ERA-3AEB1472V,https://jlcpcb.com/partdetail/C2074591,CATALOG_STOCK,DOCUMENTED_FORMAT_ALIAS,smtWeld,1706,125,REQUIRED,NOT_ALLOWED
R105,510k,RevB:R_1206_3216Metric,Vishay,CRCW1206510KFKEA,C843859,1,FACTORY,JLC_CATALOG,CRCW1206510KFKEA,https://jlcpcb.com/partdetail/C843859,CATALOG_STOCK,EXACT_MPN,smtWeld,1871,172,REQUIRED,NOT_ALLOWED
R106,10R /gate,RevB:R_0603_1608Metric,Vishay,CRCW060310R0FKEA,C844919,1,FACTORY,JLC_CATALOG,CRCW060310R0FKEA,https://jlcpcb.com/partdetail/C844919,CATALOG_STOCK,EXACT_MPN,smtWeld,324400,3199,REQUIRED,NOT_ALLOWED
R107,5.1k /slew branch,RevB:R_0603_1608Metric,Vishay,CRCW06035K10FKEA,C844933,1,FACTORY,JLC_CATALOG,CRCW06035K10FKEA,https://jlcpcb.com/partdetail/C844933,CATALOG_STOCK,EXACT_MPN,smtWeld,30000,1493,REQUIRED,NOT_ALLOWED
R108,100k,RevB:R_0603_1608Metric,Vishay,CRCW0603100KFKEA,C844916,1,FACTORY,JLC_CATALOG,CRCW0603100KFKEA,https://jlcpcb.com/partdetail/C844916,CATALOG_STOCK,EXACT_MPN,smtWeld,216189,2239,REQUIRED,NOT_ALLOWED
R109,0R INPUT ISOLATION,RevB:R_1206_3216Metric,Vishay,CRCW12060000Z0EA,C190124,1,FACTORY,JLC_CATALOG,CRCW12060000Z0EA,https://jlcpcb.com/partdetail/C190124,CATALOG_STOCK,EXACT_MPN,smtWeld,30500,914,REQUIRED,NOT_ALLOWED
R110,0.47R /0.815W filter,RevB:R_2512_6332Metric,Vishay,WSL2512R4700FEA,C4273015,1,FACTORY,JLC_CATALOG,WSL2512R4700FEA,https://jlcpcb.com/partdetail/C4273015,CATALOG_STOCK,EXACT_MPN,smtWeld,8,20,REQUIRED,NOT_ALLOWED
R111,100k /bleed,RevB:R_1206_3216Metric,Vishay,CRCW1206100KFKEA,C844863,1,FACTORY,JLC_CATALOG,CRCW1206100KFKEA,https://jlcpcb.com/partdetail/C844863,CATALOG_STOCK,EXACT_MPN,smtWeld,7626,495,REQUIRED,NOT_ALLOWED
R121,31.6k /RON,RevB:R_0603_1608Metric,Vishay,TNPW060331K6BEEA,C843870,1,FACTORY,JLC_CATALOG,TNPW060331K6BEEA,https://jlcpcb.com/partdetail/C843870,CATALOG_STOCK,EXACT_MPN,smtWeld,289,42,REQUIRED,NOT_ALLOWED
R122,309k /0.1%,RevB:R_0805_2012Metric,Vishay,TNPW0805309KBEEA,C1710754,1,FACTORY,JLC_CATALOG,TNPW0805309KBEEA,https://jlcpcb.com/partdetail/C1710754,CATALOG_PREORDER,EXACT_MPN,smtWeld,0,57,REQUIRED,NOT_ALLOWED
R123,100k /0.1%,RevB:R_0603_1608Metric,Vishay,TNPW0603100KBEEA,C844888,1,FACTORY,JLC_CATALOG,TNPW0603100KBEEA,https://jlcpcb.com/partdetail/C844888,CATALOG_STOCK,EXACT_MPN,smtWeld,49590,143,REQUIRED,NOT_ALLOWED
R124,43.2k /RA,RevB:R_0603_1608Metric,Vishay,TNPW060343K2BEEA,C2089718,1,FACTORY,JLC_CATALOG,TNPW060343K2BEEA,https://jlcpcb.com/partdetail/C2089718,CATALOG_STOCK,EXACT_MPN,smtWeld,2,23,REQUIRED,NOT_ALLOWED
R125,100k,RevB:R_1206_3216Metric,Vishay,CRCW1206100KFKEA,C844863,1,FACTORY,JLC_CATALOG,CRCW1206100KFKEA,https://jlcpcb.com/partdetail/C844863,CATALOG_STOCK,EXACT_MPN,smtWeld,7626,495,REQUIRED,NOT_ALLOWED
R126,26.1k,RevB:R_0603_1608Metric,Panasonic,ERA3AEB2612V,C491123,1,FACTORY,JLC_CATALOG,ERA3AEB2612V,https://jlcpcb.com/partdetail/C491123,CATALOG_STOCK,EXACT_MPN,smtWeld,7,122,REQUIRED,NOT_ALLOWED
R127,100k,RevB:R_0603_1608Metric,Vishay,CRCW0603100KFKEA,C844916,1,FACTORY,JLC_CATALOG,CRCW0603100KFKEA,https://jlcpcb.com/partdetail/C844916,CATALOG_STOCK,EXACT_MPN,smtWeld,216189,2239,REQUIRED,NOT_ALLOWED
R128,0R 5V ISOLATION,RevB:R_1206_3216Metric,Vishay,CRCW12060000Z0EA,C190124,1,FACTORY,JLC_CATALOG,CRCW12060000Z0EA,https://jlcpcb.com/partdetail/C190124,CATALOG_STOCK,EXACT_MPN,smtWeld,30500,914,REQUIRED,NOT_ALLOWED
R151,0R MAIN INPUT ISOLATION,RevB:I32_FINISHED_R151,Vishay,CRCW12060000Z0EA,C190124,1,FACTORY,JLC_CATALOG,CRCW12060000Z0EA,https://jlcpcb.com/partdetail/C190124,CATALOG_STOCK,EXACT_MPN,smtWeld,30500,914,REQUIRED,NOT_ALLOWED
R152,100k,RevB:R_0603_1608Metric,Vishay,CRCW0603100KFKEA,C844916,1,FACTORY,JLC_CATALOG,CRCW0603100KFKEA,https://jlcpcb.com/partdetail/C844916,CATALOG_STOCK,EXACT_MPN,smtWeld,216189,2239,REQUIRED,NOT_ALLOWED
R153,10mR MAIN OUTPUT ISOLATION,RevB:WSLP0603_MANUFACTURER_R153,Vishay,WSLP0603R0100FEA,C5334451,1,FACTORY,JLC_CATALOG,WSLP0603R0100FEA,https://jlcpcb.com/partdetail/C5334451,CATALOG_STOCK,EXACT_MPN,smtWeld,5000,16,REQUIRED,NOT_ALLOWED
R154,1k /rail bleed,RevB:R_0603_1608Metric,Vishay,CRCW06031K00FKEA,C844920,1,FACTORY,JLC_CATALOG,CRCW06031K00FKEA,https://jlcpcb.com/partdetail/C844920,CATALOG_STOCK,EXACT_MPN,smtWeld,49762,2036,REQUIRED,NOT_ALLOWED
R155,11.8k /0.1% 10ppm FB TOP,RevB:I32_PROCUREMENT_R155,Resistor.Today,PTFR0603B11K8N9,C19679768,1,FACTORY,JLC_CATALOG,PTFR0603B11K8N9,https://jlcpcb.com/partdetail/C19679768,CATALOG_STOCK,EXACT_MPN,smtWeld,3964,85,REQUIRED,NOT_ALLOWED
R156,5.05k /0.01% 5ppm FB BOTTOM,RevB:I32_PROCUREMENT_R156,Vishay,PLT1206Z5051LBTS,C4074185,1,FACTORY,JLC_CATALOG,PLT1206Z5051LBTS,https://jlcpcb.com/partdetail/C4074185,CATALOG_PREORDER,EXACT_MPN,smtWeld,0,2,REQUIRED,NOT_ALLOWED
R157,10k /1% VSEL ADJUST,RevB:R_0603_1608Metric_RVB22_R157,Vishay,CRCW060310K0FKEA,C844918,1,FACTORY,JLC_CATALOG,CRCW060310K0FKEA,https://jlcpcb.com/partdetail/C844918,CATALOG_STOCK,EXACT_MPN,smtWeld,639135,2421,REQUIRED,NOT_ALLOWED
R158,300m /1% BULK DAMPING,RevB:I32_FINISHED_R158,Vishay,WSL2512R3000FEA,C2076134,1,FACTORY,JLC_CATALOG,WSL2512R3000FEA,https://jlcpcb.com/partdetail/C2076134,CATALOG_PREORDER,EXACT_MPN,smtWeld,0,34,REQUIRED,NOT_ALLOWED
R159,47k /1% PG PULLUP,RevB:I32_FINISHED_R159,Vishay,CRCW060347K0FKEA,C844929,1,FACTORY,JLC_CATALOG,CRCW060347K0FKEA,https://jlcpcb.com/partdetail/C844929,CATALOG_STOCK,EXACT_MPN,smtWeld,34963,2185,REQUIRED,NOT_ALLOWED
R160,6.34k /0.1% 10ppm SNS TOP,RevB:I32_PROCUREMENT_R160,YAGEO,RT0805BRB076K34L,C864499,1,FACTORY,JLC_CATALOG,RT0805BRB076K34L,https://jlcpcb.com/partdetail/C864499,CATALOG_PREORDER,EXACT_MPN,smtWeld,0,72,REQUIRED,NOT_ALLOWED
R161,1k /0.02% 10ppm SNS BOTTOM,RevB:I32_PROCUREMENT_R161,Resistor.Today,PTFR0603Q1K00N9,C23067434,1,FACTORY,JLC_CATALOG,PTFR0603Q1K00N9,https://jlcpcb.com/partdetail/C23067434,CATALOG_STOCK,EXACT_MPN,smtWeld,12905,19,REQUIRED,NOT_ALLOWED
R162,4.7k /0.02% 10ppm ISO EN TOP,RevB:I32_PROCUREMENT_R162,Resistor.Today,PTFR0603Q4K70N9,C23067437,1,FACTORY,JLC_CATALOG,PTFR0603Q4K70N9,https://jlcpcb.com/partdetail/C23067437,CATALOG_STOCK,EXACT_MPN,smtWeld,6642,20,REQUIRED,NOT_ALLOWED
R163,1k /0.02% 10ppm ISO EN BOTTOM,RevB:I32_PROCUREMENT_R163,Resistor.Today,PTFR0603Q1K00N9,C23067434,1,FACTORY,JLC_CATALOG,PTFR0603Q1K00N9,https://jlcpcb.com/partdetail/C23067434,CATALOG_STOCK,EXACT_MPN,smtWeld,12905,19,REQUIRED,NOT_ALLOWED
R164,4.7k /DISCHARGE GATE FEED,RevB:I32_FINISHED_R164,Vishay,CRCW06034K70FKEA,C844931,1,FACTORY,JLC_CATALOG,CRCW06034K70FKEA,https://jlcpcb.com/partdetail/C844931,CATALOG_STOCK,EXACT_MPN,smtWeld,44301,2714,REQUIRED,NOT_ALLOWED
R165,4.7R /1.5W PULSE DISCHARGE,RevB:I32_FINISHED_R165,Vishay,CRCW25124R70FKEGHP,C2075852,1,FACTORY,JLC_CATALOG,CRCW25124R70FKEGHP,https://jlcpcb.com/partdetail/C2075852,CATALOG_STOCK,EXACT_MPN,smtWeld,54,13,REQUIRED,NOT_ALLOWED
R166,330k /1% U151 EN DIVIDER,RevB:I32_FINISHED_R166,Vishay,CRCW0603330KFKEA,C844776,1,FACTORY,JLC_CATALOG,CRCW0603330KFKEA,https://jlcpcb.com/partdetail/C844776,CATALOG_STOCK,EXACT_MPN,smtWeld,1736,1244,REQUIRED,NOT_ALLOWED
R167,330k /1% U151 EN DIVIDER,RevB:I32_FINISHED_R167,Vishay,CRCW0603330KFKEA,C844776,1,FACTORY,JLC_CATALOG,CRCW0603330KFKEA,https://jlcpcb.com/partdetail/C844776,CATALOG_STOCK,EXACT_MPN,smtWeld,1736,1244,REQUIRED,NOT_ALLOWED
R168,1k /1% RESERVOIR BLEED,RevB:I32_FINISHED_R168,Vishay,CRCW06031K00FKEA,C844920,1,FACTORY,JLC_CATALOG,CRCW06031K00FKEA,https://jlcpcb.com/partdetail/C844920,CATALOG_STOCK,EXACT_MPN,smtWeld,49762,2036,REQUIRED,NOT_ALLOWED
R169,3.01k /0.1% 10ppm BULK EN TOP,RevB:I32_PROCUREMENT_R169,Resistor.Today,PTFR0603B3K01N9,C2692830,1,FACTORY,JLC_CATALOG,PTFR0603B3K01N9,https://jlcpcb.com/partdetail/C2692830,CATALOG_STOCK,EXACT_MPN,smtWeld,317,66,REQUIRED,NOT_ALLOWED
R170,1k /0.02% 10ppm BULK EN BOTTOM,RevB:I32_PROCUREMENT_R170,Resistor.Today,PTFR0603Q1K00N9,C23067434,1,FACTORY,JLC_CATALOG,PTFR0603Q1K00N9,https://jlcpcb.com/partdetail/C23067434,CATALOG_STOCK,EXACT_MPN,smtWeld,12905,19,REQUIRED,NOT_ALLOWED
R201,10k 1%,RevB:R_0603_1608Metric,Vishay,CRCW060310K0FKEA,C844918,1,FACTORY,JLC_CATALOG,CRCW060310K0FKEA,https://jlcpcb.com/partdetail/C844918,CATALOG_STOCK,EXACT_MPN,smtWeld,639135,2421,REQUIRED,NOT_ALLOWED
R202,10k 1%,RevB:R_0603_1608Metric,Vishay,CRCW060310K0FKEA,C844918,1,FACTORY,JLC_CATALOG,CRCW060310K0FKEA,https://jlcpcb.com/partdetail/C844918,CATALOG_STOCK,EXACT_MPN,smtWeld,639135,2421,REQUIRED,NOT_ALLOWED
R203,1k 1% RESET LIMIT,RevB:R_0603_1608Metric_RVB22_R203,Vishay,CRCW06031K00FKEA,C844920,1,FACTORY,JLC_CATALOG,CRCW06031K00FKEA,https://jlcpcb.com/partdetail/C844920,CATALOG_STOCK,EXACT_MPN,smtWeld,49762,2036,REQUIRED,NOT_ALLOWED
R204,100k /1% RESET DELAY,RevB:I32_FINISHED_R204,Vishay,CRCW0603100KFKEA,C844916,1,FACTORY,JLC_CATALOG,CRCW0603100KFKEA,https://jlcpcb.com/partdetail/C844916,CATALOG_STOCK,EXACT_MPN,smtWeld,216189,2239,REQUIRED,NOT_ALLOWED
R302,1k,RevB:R_0603_1608Metric,Vishay,CRCW06031K00FKEA,C844920,1,FACTORY,JLC_CATALOG,CRCW06031K00FKEA,https://jlcpcb.com/partdetail/C844920,CATALOG_STOCK,EXACT_MPN,smtWeld,49762,2036,REQUIRED,NOT_ALLOWED
R303,10k 1%,RevB:R_0603_1608Metric,Vishay,CRCW060310K0FKEA,C844918,1,FACTORY,JLC_CATALOG,CRCW060310K0FKEA,https://jlcpcb.com/partdetail/C844918,CATALOG_STOCK,EXACT_MPN,smtWeld,639135,2421,REQUIRED,NOT_ALLOWED
R401,0R GPS ISOLATION,RevB:R_0603_1608Metric,Vishay,CRCW06030000Z0EA,C844915,1,FACTORY,JLC_CATALOG,CRCW06030000Z0EA,https://jlcpcb.com/partdetail/C844915,CATALOG_STOCK,EXACT_MPN,smtWeld,43690,3199,REQUIRED,NOT_ALLOWED
R402,220R,RevB:R_0603_1608Metric,Yageo,AA0603FR-07220RL,C2100485,1,FACTORY,JLC_CATALOG,AA0603FR-07220RL,https://jlcpcb.com/partdetail/C2100485,CATALOG_PREORDER,EXACT_MPN,smtWeld,0,2357,REQUIRED,NOT_ALLOWED
R403,220R,RevB:R_0603_1608Metric,Yageo,AA0603FR-07220RL,C2100485,1,FACTORY,JLC_CATALOG,AA0603FR-07220RL,https://jlcpcb.com/partdetail/C2100485,CATALOG_PREORDER,EXACT_MPN,smtWeld,0,2357,REQUIRED,NOT_ALLOWED
R404,220R,RevB:R_0603_1608Metric,Yageo,AA0603FR-07220RL,C2100485,1,FACTORY,JLC_CATALOG,AA0603FR-07220RL,https://jlcpcb.com/partdetail/C2100485,CATALOG_PREORDER,EXACT_MPN,smtWeld,0,2357,REQUIRED,NOT_ALLOWED
R405,1k,RevB:R_0603_1608Metric,Vishay,CRCW06031K00FKEA,C844920,1,FACTORY,JLC_CATALOG,CRCW06031K00FKEA,https://jlcpcb.com/partdetail/C844920,CATALOG_STOCK,EXACT_MPN,smtWeld,49762,2036,REQUIRED,NOT_ALLOWED
R407,100k,RevB:R_0603_1608Metric,Vishay,CRCW0603100KFKEA,C844916,1,FACTORY,JLC_CATALOG,CRCW0603100KFKEA,https://jlcpcb.com/partdetail/C844916,CATALOG_STOCK,EXACT_MPN,smtWeld,216189,2239,REQUIRED,NOT_ALLOWED
R408,100k,RevB:R_0603_1608Metric,Vishay,CRCW0603100KFKEA,C844916,1,FACTORY,JLC_CATALOG,CRCW0603100KFKEA,https://jlcpcb.com/partdetail/C844916,CATALOG_STOCK,EXACT_MPN,smtWeld,216189,2239,REQUIRED,NOT_ALLOWED
R409,100k,RevB:R_0603_1608Metric,Vishay,CRCW0603100KFKEA,C844916,1,FACTORY,JLC_CATALOG,CRCW0603100KFKEA,https://jlcpcb.com/partdetail/C844916,CATALOG_STOCK,EXACT_MPN,smtWeld,216189,2239,REQUIRED,NOT_ALLOWED
R410,10k /UART idle,RevB:R_0603_1608Metric,Vishay,CRCW060310K0FKEA,C844918,1,FACTORY,JLC_CATALOG,CRCW060310K0FKEA,https://jlcpcb.com/partdetail/C844918,CATALOG_STOCK,EXACT_MPN,smtWeld,639135,2421,REQUIRED,NOT_ALLOWED
R411,100k /off-state,RevB:R_0603_1608Metric,Vishay,CRCW0603100KFKEA,C844916,1,FACTORY,JLC_CATALOG,CRCW0603100KFKEA,https://jlcpcb.com/partdetail/C844916,CATALOG_STOCK,EXACT_MPN,smtWeld,216189,2239,REQUIRED,NOT_ALLOWED
R501,27.4k /0.1%,RevB:R_0603_1608Metric,Vishay,TNPW060327K4BEEA,C2079063,1,FACTORY,JLC_CATALOG,TNPW060327K4BEEA,https://jlcpcb.com/partdetail/C2079063,CATALOG_STOCK,EXACT_MPN,smtWeld,281,41,REQUIRED,NOT_ALLOWED
R502,10k /0.1%,RevB:R_0603_1608Metric,Vishay,TNPW060310K0BEEA,C844890,1,FACTORY,JLC_CATALOG,TNPW060310K0BEEA,https://jlcpcb.com/partdetail/C844890,CATALOG_STOCK,EXACT_MPN,smtWeld,82882,139,REQUIRED,NOT_ALLOWED
R503,36.5k /0.1%,RevB:R_0603_1608Metric,Vishay,TNPW060336K5BEEA,C2089518,1,FACTORY,JLC_CATALOG,TNPW060336K5BEEA,https://jlcpcb.com/partdetail/C2089518,CATALOG_PREORDER,EXACT_MPN,smtWeld,0,91,REQUIRED,NOT_ALLOWED
R504,10k /0.1%,RevB:R_0603_1608Metric,Vishay,TNPW060310K0BEEA,C844890,1,FACTORY,JLC_CATALOG,TNPW060310K0BEEA,https://jlcpcb.com/partdetail/C844890,CATALOG_STOCK,EXACT_MPN,smtWeld,82882,139,REQUIRED,NOT_ALLOWED
R505,118k /0.1%,RevB:R_0805_2012Metric,Vishay,TNPW0805118KBEEA,C1709453,1,FACTORY,JLC_CATALOG,TNPW0805118KBEEA,https://jlcpcb.com/partdetail/C1709453,CATALOG_PREORDER,EXACT_MPN,smtWeld,0,57,REQUIRED,NOT_ALLOWED
R506,100k,RevB:R_0603_1608Metric,Vishay,CRCW0603100KFKEA,C844916,1,FACTORY,JLC_CATALOG,CRCW0603100KFKEA,https://jlcpcb.com/partdetail/C844916,CATALOG_STOCK,EXACT_MPN,smtWeld,216189,2239,REQUIRED,NOT_ALLOWED
R507,4.7R /1% pulse HP,RevB:R_2512_6332Metric,Vishay,CRCW25124R70FKEGHP,C2075852,1,FACTORY,JLC_CATALOG,CRCW25124R70FKEGHP,https://jlcpcb.com/partdetail/C2075852,CATALOG_STOCK,EXACT_MPN,smtWeld,54,13,REQUIRED,NOT_ALLOWED
R511,1M /0.1%,RevB:R_0805_2012Metric,Vishay,TNPW08051M00BEEA,C844679,1,FACTORY,JLC_CATALOG,TNPW08051M00BEEA,https://jlcpcb.com/partdetail/C844679,CATALOG_STOCK,EXACT_MPN,smtWeld,19078,36,REQUIRED,NOT_ALLOWED
R512,4.02k /0.1%,RevB:R_0603_1608Metric,Vishay,TNPW06034K02BEEA,C844459,1,FACTORY,JLC_CATALOG,TNPW06034K02BEEA,https://jlcpcb.com/partdetail/C844459,CATALOG_STOCK,EXACT_MPN,smtWeld,4,20,REQUIRED,NOT_ALLOWED
R513,124k /0.1%,RevB:R_0805_2012Metric,Vishay,TNPW0805124KBEEA,C1709494,1,FACTORY,JLC_CATALOG,TNPW0805124KBEEA,https://jlcpcb.com/partdetail/C1709494,CATALOG_PREORDER,EXACT_MPN,smtWeld,0,57,REQUIRED,NOT_ALLOWED
R514,1k /0.1%,RevB:R_0603_1608Metric,Vishay,TNPW06031K00BEEA,C844891,1,FACTORY,JLC_CATALOG,TNPW06031K00BEEA,https://jlcpcb.com/partdetail/C844891,CATALOG_STOCK,EXACT_MPN,smtWeld,18976,130,REQUIRED,NOT_ALLOWED
R515,220R /1%150ppm,RevB:R_0603_1608Metric,Yageo,AA0603FR-07220RL,C2100485,1,FACTORY,JLC_CATALOG,AA0603FR-07220RL,https://jlcpcb.com/partdetail/C2100485,CATALOG_PREORDER,EXACT_MPN,smtWeld,0,2357,REQUIRED,NOT_ALLOWED
R521,1M /0.1%,RevB:R_0805_2012Metric,Vishay,TNPW08051M00BEEA,C844679,1,FACTORY,JLC_CATALOG,TNPW08051M00BEEA,https://jlcpcb.com/partdetail/C844679,CATALOG_STOCK,EXACT_MPN,smtWeld,19078,36,REQUIRED,NOT_ALLOWED
R522,4.02k /0.1%,RevB:R_0603_1608Metric,Vishay,TNPW06034K02BEEA,C844459,1,FACTORY,JLC_CATALOG,TNPW06034K02BEEA,https://jlcpcb.com/partdetail/C844459,CATALOG_STOCK,EXACT_MPN,smtWeld,4,20,REQUIRED,NOT_ALLOWED
R523,124k /0.1%,RevB:R_0805_2012Metric,Vishay,TNPW0805124KBEEA,C1709494,1,FACTORY,JLC_CATALOG,TNPW0805124KBEEA,https://jlcpcb.com/partdetail/C1709494,CATALOG_PREORDER,EXACT_MPN,smtWeld,0,57,REQUIRED,NOT_ALLOWED
R524,1k /0.1%,RevB:R_0603_1608Metric,Vishay,TNPW06031K00BEEA,C844891,1,FACTORY,JLC_CATALOG,TNPW06031K00BEEA,https://jlcpcb.com/partdetail/C844891,CATALOG_STOCK,EXACT_MPN,smtWeld,18976,130,REQUIRED,NOT_ALLOWED
R525,220R /1%150ppm,RevB:R_0603_1608Metric,Yageo,AA0603FR-07220RL,C2100485,1,FACTORY,JLC_CATALOG,AA0603FR-07220RL,https://jlcpcb.com/partdetail/C2100485,CATALOG_PREORDER,EXACT_MPN,smtWeld,0,2357,REQUIRED,NOT_ALLOWED
R601,1k / GPIO15,RevB:R_0603_1608Metric,Vishay,CRCW06031K00FKEA,C844920,1,FACTORY,JLC_CATALOG,CRCW06031K00FKEA,https://jlcpcb.com/partdetail/C844920,CATALOG_STOCK,EXACT_MPN,smtWeld,49762,2036,REQUIRED,NOT_ALLOWED
R602,1k / GPIO6,RevB:R_0603_1608Metric,Vishay,CRCW06031K00FKEA,C844920,1,FACTORY,JLC_CATALOG,CRCW06031K00FKEA,https://jlcpcb.com/partdetail/C844920,CATALOG_STOCK,EXACT_MPN,smtWeld,49762,2036,REQUIRED,NOT_ALLOWED
R603,1k / GPIO7,RevB:R_0603_1608Metric,Vishay,CRCW06031K00FKEA,C844920,1,FACTORY,JLC_CATALOG,CRCW06031K00FKEA,https://jlcpcb.com/partdetail/C844920,CATALOG_STOCK,EXACT_MPN,smtWeld,49762,2036,REQUIRED,NOT_ALLOWED
R604,1k / GPIO8,RevB:R_0603_1608Metric,Vishay,CRCW06031K00FKEA,C844920,1,FACTORY,JLC_CATALOG,CRCW06031K00FKEA,https://jlcpcb.com/partdetail/C844920,CATALOG_STOCK,EXACT_MPN,smtWeld,49762,2036,REQUIRED,NOT_ALLOWED
R605,1k / GPIO10,RevB:R_0603_1608Metric,Vishay,CRCW06031K00FKEA,C844920,1,FACTORY,JLC_CATALOG,CRCW06031K00FKEA,https://jlcpcb.com/partdetail/C844920,CATALOG_STOCK,EXACT_MPN,smtWeld,49762,2036,REQUIRED,NOT_ALLOWED
R606,1k / GPIO9,RevB:R_0603_1608Metric,Vishay,CRCW06031K00FKEA,C844920,1,FACTORY,JLC_CATALOG,CRCW06031K00FKEA,https://jlcpcb.com/partdetail/C844920,CATALOG_STOCK,EXACT_MPN,smtWeld,49762,2036,REQUIRED,NOT_ALLOWED
U101,LTC4367HMS8#PBF,RevB:I32_PROCUREMENT_U101,Analog Devices,LTC4367HMS8#PBF,C688370,1,FACTORY,JLC_CATALOG,LTC4367HMS8#PBF,https://jlcpcb.com/partdetail/C688370,CATALOG_STOCK,EXACT_MPN,smtWeld,2,2,REQUIRED,NOT_ALLOWED
U121,LM5164QDDARQ1,RevB:TI_DDA0008B_4214849B,Texas Instruments,LM5164QDDARQ1,C2072225,1,FACTORY,JLC_CATALOG,LM5164QDDARQ1,https://jlcpcb.com/partdetail/C2072225,CATALOG_STOCK,EXACT_MPN,smtWeld,7,1,REQUIRED,NOT_ALLOWED
U151,LM63615DQPWPRQ1,RevB:HTSSOP-16-1EP_4.4x5mm_P0.65mm_EP3.4x5mm_Mask2.46x2.31mm_RVB22_U151,Texas Instruments,LM63615DQPWPRQ1,C2867799,1,FACTORY,JLC_CATALOG,LM63615DQPWPRQ1,https://jlcpcb.com/partdetail/C2867799,CATALOG_PREORDER,EXACT_MPN,smtWeld,0,2,REQUIRED,NOT_ALLOWED
U152,TPS22953-Q1 REVERSE BLOCKING,RevB:I32_FINISHED_U152,Texas Instruments,TPS22953QDQCRQ1,C5219894,1,FACTORY,JLC_CATALOG,TPS22953QDQCRQ1,https://jlcpcb.com/partdetail/C5219894,CATALOG_PREORDER,EXACT_MPN,smtWeld,0,14,REQUIRED,NOT_ALLOWED
U153,TPS22953-Q1 BULK CHARGER,RevB:I32_FINISHED_U153,Texas Instruments,TPS22953QDQCRQ1,C5219894,1,FACTORY,JLC_CATALOG,TPS22953QDQCRQ1,https://jlcpcb.com/partdetail/C5219894,CATALOG_PREORDER,EXACT_MPN,smtWeld,0,14,REQUIRED,NOT_ALLOWED
U201,ESP32-S3-WROOM-1-N8R2,RevB:ESP32-S3-WROOM-1_RVB22_U201_TH48,Espressif,ESP32-S3-WROOM-1-N8R2,C2913204,1,FACTORY,JLC_CATALOG,ESP32-S3-WROOM-1-N8R2,https://jlcpcb.com/partdetail/C2913204,CATALOG_STOCK,EXACT_MPN,smtWeld,13122,3,REQUIRED,NOT_ALLOWED
U202,TPS3808G33-Q1 3.07V RESET,RevB:TPS3808_DBV0006A,Texas Instruments,TPS3808G33QDBVRQ1,C414616,1,FACTORY,JLC_CATALOG,TPS3808G33QDBVRQ1,https://jlcpcb.com/partdetail/C414616,CATALOG_STOCK,EXACT_MPN,smtWeld,1340,15,REQUIRED,NOT_ALLOWED
U301,TCAN3403DRBRQ1,RevB:TI_DRB0008J_TCAN3403,Texas Instruments,TCAN3403DRBRQ1,C32921356,1,FACTORY,JLC_CATALOG,TCAN3403DRBRQ1,https://jlcpcb.com/partdetail/C32921356,CATALOG_STOCK,EXACT_MPN,smtWeld,753,7,REQUIRED,NOT_ALLOWED
U401,PA1616D,RevB:CDTop_PA1616D_20Pad_v06,CDTop Technology,PA1616D,,1,LOCAL,LOCAL_INSTALL,PA1616D,https://www.gtop-tech.com/,SUPPLIER_QUOTE_REQUIRED,EXACT_MPN_REQUEST,,,,REQUIRED,NOT_ALLOWED
U402,SN74LVC2G125DCUR,RevB:VSSOP-8_2.3x2mm_P0.5mm,Texas Instruments,SN74LVC2G125DCUR,C21404,1,FACTORY,JLC_CATALOG,SN74LVC2G125DCUR,https://jlcpcb.com/partdetail/C21404,CATALOG_STOCK,EXACT_MPN,smtWeld,40486,44,REQUIRED,NOT_ALLOWED
U403,MIC5504-3.3YM5-TR,RevB:SOT-23-5,Microchip,MIC5504-3.3YM5-TR,C88419,1,FACTORY,JLC_CATALOG,MIC5504-3.3YM5-TR,https://jlcpcb.com/partdetail/C88419,CATALOG_STOCK,EXACT_MPN,smtWeld,46477,36,REQUIRED,NOT_ALLOWED
U404,SN74LVC2G125DCUR,RevB:VSSOP-8_2.3x2mm_P0.5mm,Texas Instruments,SN74LVC2G125DCUR,C21404,1,FACTORY,JLC_CATALOG,SN74LVC2G125DCUR,https://jlcpcb.com/partdetail/C21404,CATALOG_STOCK,EXACT_MPN,smtWeld,40486,44,REQUIRED,NOT_ALLOWED
U501,TPS26600PWPR,RevB:TI_PWP0016A_TPS2660,Texas Instruments,TPS26600PWPR,C544399,1,FACTORY,JLC_CATALOG,TPS26600PWPR,https://jlcpcb.com/partdetail/C544399,CATALOG_STOCK,EXACT_MPN,smtWeld,4928,6,REQUIRED,NOT_ALLOWED
U502,OPA2333AIDR,RevB:SOIC-8_3.9x4.9mm_P1.27mm,Texas Instruments,OPA2333AIDR,C38732,1,FACTORY,JLC_CATALOG,OPA2333AIDR,https://jlcpcb.com/partdetail/C38732,CATALOG_STOCK,EXACT_MPN,smtWeld,8129,14,REQUIRED,NOT_ALLOWED
